tweet;correctLabel;predictedLabel
shouldbeaninterestinggame;lang1 other lang1 lang2 lang1 lang2 lang2 lang1 lang1 lang1 lang2 lang2 other lang2 lang2 lang1 lang1 ;other other other lang2 lang2 lang2 lang2 lang2 lang1 other lang2 lang2 other lang2 lang2 other  
@fartonmyfaceplzyomommarequestedme!i'mscaredd:;other lang1 lang1 lang1 lang1 lang1 lang1 lang1 lang1 lang1 lang1 lang1 1 lang1 lang1 other lang1 ;other lang1 lang1 lang1 lang1 lang1 other ne lang1 lang1 other other ne other lang1 other  
@deeeezzzzzznamed**;1 lang2 lang1 lang1 other lang2 lang1 lang2 lang2 lang2 lang2 lang2 lang2 lang2 lang1 other lang1 ;other lang2 lang2 lang2 other lang2 lang2 lang2 lang2 lang2 lang2 lang2 lang2 lang2 ne lang2  
iwasgonnastartanewdietbutiforgotiwasgonnabeeatingcakeandcarnitaseveryweekend(;lol;lang2 lang2 lang2 lang2 lang2 ne lang1 lang2 other lang1 lang2 lang2 lang2 lang1 ne lang1 lang1 ;lang2 lang2 lang2 lang2 lang2 lang2 lang2 lang2 other lang2 lang2 lang2 lang2 lang2 lang2 other  
@cribhood10sikierohomie;b;lang2 lang1 lang2 lang1 lang2 lang2 lang2 other lang1 lang2 lang2 lang1 lang2 lang2 lang1 other lang1 ;lang2 lang2 lang2 lang2 lang2 lang2 lang2 other lang2 lang2 lang2 lang2 lang2 lang2 lang2 other  
@cribhood10eskeyoubewithyourfriendsinokieromolestar;lang2 lang2 lang1 lang1 lang2 lang2 lang2 lang2 other lang2 lang1 lang2 lang1 lang2 lang2 1 lang1 ;lang2 lang2 lang2 lang2 lang2 lang2 lang2 lang2 other lang2 lang2 lang2 lang2 lang2 lang2 other  
eltiempoapasadoinoehpodidoolvidarte.;other lang1 lang1 lang2 lang2 lang2 lang1 lang1 lang2 lang1 lang2 lang1 lang2 lang1 lang1 other lang1 ;other lang2 lang2 lang2 lang2 lang2 lang2 lang2 lang2 lang2 lang2 lang2 lang2 lang2 lang2 other  
likejuststopmuyapenasidejoamisisteruseitcx;other ne lang2 lang2 lang1 lang2 lang2 lang2 lang2 lang2 lang2 lang1 lang2 lang1 lang1 lang1 lang1 ;other lang2 lang2 ne other lang2 lang2 lang2 lang2 lang2 lang2 lang2 lang2 other lang1 other  
nopossitruthhurts.;other lang1 lang1 lang1 lang2 lang1 lang2 lang2 lang2 lang1 other lang2 1 other lang2 other lang1 ;other lang1 lang2 other lang2 lang2 lang2 lang2 lang2 lang2 other lang2 lang2 other lang2 lang1  
minewfriendesdezacatecas(;;other lang2 lang1 lang2 lang2 lang1 lang2 lang2 lang1 lang1 lang2 lang1 lang1 lang1 lang1 lang1 lang1 ;other lang2 lang2 lang2 lang2 lang2 lang2 ne lang2 lang2 lang2 lang2 lang2 lang2 lang2 lang1  
@opablo81lolcxtambienyourscx!;lang1 lang2 lang2 lang2 lang2 lang1 lang2 lang1 other lang1 lang2 lang2 lang1 lang2 other lang1 lang1 ;lang2 lang2 lang2 lang2 lang2 lang2 lang2 lang2 other lang2 lang2 lang2 lang2 lang2 other lang1  
dicenquelosborrachossiempredicenlaverda(;;1 other lang2 lang2 lang1 lang2 lang2 lang2 lang1 lang2 lang2 lang1 lang2 lang2 lang2 lang1 lang1 ;other other lang2 lang2 other lang2 lang2 lang2 other lang2 lang2 lang2 lang2 lang2 lang2 lang1  
shedidnothavemyback/.~nomames;lang1 lang2 lang2 lang2 lang1 lang2 lang1 lang2 lang2 lang1 lang2 lang2 lang2 lang2 lang2 lang2 lang1 ;lang2 lang2 lang2 lang2 lang2 lang2 lang2 lang2 lang2 lang2 lang2 lang2 lang2 lang2 lang2 lang2  
yameromevavenirdejandomimomcx;lang1 lang1 lang1 lang1 lang1 lang1 lang1 lang1 lang1 lang1 lang1 lang2 lang1 lang1 lang1 lang1 lang1 ;lang1 other lang1 lang1 lang1 lang1 lang1 lang1 lang1 lang1 lang1 lang1 lang1 lang1 lang1 other  
likeabreloshojosmija/.-;other lang1 lang1 lang1 lang1 lang1 lang1 lang1 lang1 other lang1 lang2 lang1 lang1 other lang2 lang1 ;other lang1 lang1 lang1 lang1 lang1 lang1 lang1 lang1 other lang1 lang1 lang1 lang1 other lang1  
iwaslikeyourluckyandasbailandoconunadeguanajuato(;lmfao;1 lang1 lang1 lang1 lang1 lang1 other lang1 lang1 lang1 lang1 lang1 lang1 lang1 lang1 lang1 lang1 ;other lang1 lang1 lang1 lang1 lang1 other lang1 lang1 lang1 lang1 lang1 lang1 lang1 other lang1  
queverguensacxlol;lang1 lang1 lang1 lang1 lang2 lang2 lang1 lang1 lang2 lang1 lang1 lang1 lang1 lang1 lang1 other lang1 ;lang1 lang1 lang1 lang1 lang1 lang1 lang1 lang1 lang1 lang1 lang1 lang1 lang1 other other other  
megustaandarporlasierra(;;lang1 lang2 lang1 lang1 lang1 lang1 lang2 lang2 lang1 lang1 lang1 lang1 lang1 lang1 lang1 other lang1 ;lang1 lang1 lang1 other other lang1 lang1 lang1 lang1 lang1 lang1 lang1 lang1 lang1 other other  
meacesentirlonelycxlol;lang1 lang1 lang1 lang1 lang1 lang1 lang1 lang1 lang1 lang2 lang1 lang1 lang1 lang1 lang2 other lang1 ;lang1 lang1 lang1 lang1 lang1 lang1 lang1 lang1 lang1 lang1 lang1 lang1 lang1 lang1 lang1 other  
nomellegeconlatortalmao;other lang1 lang1 lang1 lang1 lang1 lang1 lang1 lang1 lang1 other lang1 lang1 lang1 lang1 other lang1 ;other lang1 lang1 lang1 lang1 lang1 lang1 lang1 lang1 lang1 other lang1 lang1 lang1 lang1 other  
pablobebsme;lang1 lang1 lang2 lang1 lang1 lang1 lang1 lang1 lang1 lang1 lang1 lang1 lang1 lang1 lang1 other lang1 ;lang1 lang1 lang1 lang1 lang1 lang1 lang1 lang1 lang1 lang1 other lang1 lang1 lang1 lang1 other  
ihategettingfeelingsforjustincuzhisjustadamnplayaaaa;other lang2 lang2 lang1 lang2 lang1 lang1 lang1 lang1 lang1 lang1 lang1 lang1 lang1 lang1 lang1 lang1 ;other lang1 lang1 lang1 lang1 lang1 lang1 lang1 lang1 lang1 lang1 lang1 lang1 lang1 lang1 other  
itengohambre;other lang2 lang1 lang1 lang1 lang1 lang1 lang1 lang1 lang1 lang1 lang1 lang1 lang1 lang1 lang1 lang1 ;other lang1 lang1 lang1 lang1 lang1 lang1 lang1 lang1 lang1 lang1 lang1 lang1 lang1 lang1 lang1  
letmehollaacx;lang1 lang1 lang1 lang2 lang2 lang2 lang1 lang1 lang2 lang1 lang1 lang1 lang1 lang1 lang1 lang1 lang1 ;lang1 lang1 lang1 lang1 lang1 lang1 lang1 lang1 lang1 lang1 lang1 lang1 lang1 lang1 lang1 lang1  
“@mfchapo:tacobellisnastywiththeirfakeasstacos.”;other lang1 lang1 lang1 lang1 lang1 lang1 lang1 lang1 lang1 lang1 lang1 lang1 lang1 lang2 other lang1 ;other lang1 lang1 lang1 lang1 lang1 lang1 lang1 lang1 lang1 lang1 other lang1 lang1 lang1 other  
@martin3zz10paraesoexistenlastiendas;bhaha;1 lang1 lang1 lang1 lang1 lang2 lang1 lang1 lang1 lang1 lang1 lang1 lang1 lang1 lang1 lang1 lang1 ;other lang1 lang1 lang1 lang1 lang1 lang1 lang1 lang1 lang1 lang1 lang1 lang1 lang1 lang1 lang1  
“@vianeyaide2:tuyyotirandoelroll,tomandobucanitas..nosepiensalo”;lang1 lang1 lang1 lang1 lang1 lang1 lang1 lang1 lang1 lang1 lang1 lang1 lang1 lang1 lang1 1 lang1 ;lang1 lang1 lang1 lang1 lang1 lang1 lang1 lang1 lang1 lang1 lang1 lang1 lang1 lang1 lang1 lang1  
likemejornomeilusionen!;other lang1 lang1 lang1 lang1 lang1 lang1 lang1 lang1 lang2 lang1 lang2 lang2 lang1 lang1 lang1 lang1 ;other lang1 lang1 lang1 lang1 lang1 lang1 lang1 lang1 lang1 lang1 lang1 lang1 lang1 lang1 other  
siesnecesarioastamesalgoporlawindownomeimporta;lang1 lang1 lang1 lang1 lang1 lang1 lang1 lang1 lang1 lang1 lang1 lang1 lang2 lang1 lang2 lang1 lang1 ;lang1 lang1 lang1 lang1 lang1 lang1 lang1 lang1 lang1 lang1 lang1 lang1 lang1 lang1 lang1 lang1  
eljuegonomaseradeunaweekohquepedo?/.-;lang1 lang1 lang1 lang1 lang1 lang2 lang1 lang1 lang1 lang1 lang1 lang1 lang1 lang1 lang2 lang1 lang1 ;lang1 lang1 lang1 lang1 lang1 lang1 lang1 lang1 lang1 lang1 lang1 lang1 lang1 lang1 lang1 other  
fuckthiselquesigue(:!;other lang1 lang1 lang1 lang1 lang1 other lang1 lang1 lang1 lang1 lang1 lang1 lang1 lang1 lang1 lang1 ;other lang1 lang1 lang1 lang1 lang1 other other lang1 lang1 lang1 lang1 lang1 lang1 other other  
@chelita1123lmaoyalosaviacualsikeniquenada;other lang2 lang2 lang1 lang1 lang2 lang1 lang2 lang2 lang1 lang2 lang2 lang1 lang1 lang2 other lang1 ;other lang2 lang2 lang2 other lang2 lang2 lang2 lang2 other lang2 lang2 lang2 other lang2 other  
parairalmallaya(;;other 1 lang1 lang1 lang2 lang2 lang2 lang2 lang2 lang2 lang2 lang2 lang2 lang1 lang2 other lang1 ;other other lang2 other lang2 lang2 lang2 lang2 lang2 lang2 lang2 lang2 lang2 lang2 lang2 other  
@martin3zz10esokresc;haha;other lang2 lang1 lang2 lang1 lang2 lang2 lang2 lang2 lang2 lang1 lang2 lang2 lang1 lang2 other lang1 ;other lang2 lang2 lang2 lang2 lang2 lang2 lang2 lang2 lang2 lang2 lang2 lang2 other lang2 other  
@chelita1123@princessstacy_lmaoiwouldperoyouknowidon'twanthimtothinki'mweirdsoyesaydespues(;;1 lang2 lang2 lang1 lang2 lang2 lang1 lang1 lang2 lang2 lang1 lang1 lang2 lang1 ambiguous other lang1 ;other lang2 lang2 lang2 lang2 lang2 other lang2 lang2 lang2 lang2 lang2 lang2 lang2 lang2 other  
@chelita11235.1?letmehollalmaoo;other lang2 lang2 lang2 lang1 lang2 lang1 lang2 lang2 lang1 lang2 lang2 lang1 lang1 lang1 lang1 lang1 ;other lang2 lang2 lang2 other lang2 other lang2 lang2 lang2 lang2 lang2 other other other other  
likenomelotienenquedeciryoyasecomoacerlo;lang1 lang1 lang1 lang1 lang1 lang1 lang2 lang1 lang1 lang1 lang1 lang1 lang1 lang1 lang1 lang2 lang1 ;lang1 lang1 lang1 lang1 lang1 lang1 ne lang1 lang1 lang1 lang1 lang1 lang1 lang1 lang1 lang1  
idon'tthinki'veeverbeenthisexcitedtowatchtv!#svu#chicagopd#ahhhhh#lifecomplete;lang2 lang1 lang1 lang1 lang1 lang1 lang1 lang1 lang1 lang1 lang1 ne lang1 lang1 lang1 lang1 lang1 ;ne lang1 lang1 lang1 lang1 lang1 lang1 lang1 lang1 lang1 lang1 ne lang1 lang1 lang1 lang1  
@lesambamchurrrwelcoooommmmmchimisssjijijilahhhyuuuu;1 lang1 lang1 lang1 lang2 lang1 lang1 other lang1 lang1 lang2 lang2 lang1 lang1 lang1 lang1 lang1 ;other lang1 lang1 lang1 lang1 lang1 ne other lang1 lang1 lang1 lang1 lang1 lang1 lang1 lang1  
aniggagottaworkinthemorning!!!stfuandgotosleepdumbassreagandipshits!heywhatdouknowthey'releaving#finallylol;lang1 lang2 lang1 lang1 lang1 lang2 lang1 ne lang1 lang2 lang1 lang1 lang1 lang1 lang1 lang1 lang1 ;lang1 lang1 lang1 lang1 lang1 lang1 lang1 lang1 lang1 ne lang1 lang1 lang1 lang1 lang1 lang1  
icann'tstandahoeonatvshowthatsayi'mhispanicori'mlatino..bitchyouamexican!saythatshit!-spm;lang1 lang1 lang1 lang1 lang1 lang1 lang1 lang1 lang1 lang1 lang1 lang1 lang1 lang2 lang1 lang1 lang1 ;lang1 lang1 lang1 lang1 lang1 lang1 lang1 lang1 lang1 lang1 lang1 lang1 lang1 lang1 lang1 ne  
@jason100fireslmaosmokesumcuhhhloljk;lang1 lang2 lang1 lang1 lang1 lang1 lang1 lang1 lang1 lang1 lang1 lang1 lang1 lang1 lang1 lang1 lang1 ;lang1 ne lang1 other lang1 lang1 lang1 lang1 lang1 lang1 lang1 other lang1 lang1 lang1 other  
@coilegefessions@bigneechiyoubettawarnyourfriendsat#txst...:olmfao;lang1 lang1 lang1 lang1 lang1 lang1 lang1 lang2 other lang2 lang1 lang1 lang1 lang1 lang2 lang2 lang1 ;lang1 lang1 lang1 lang1 lang1 lang1 lang1 lang1 other lang2 lang1 lang1 lang1 lang1 lang1 lang2  
desdeeldiaquetefuistetengoelalmamasquetriste...nosedejarteenelolvido..nose..notengovalor..sintinoseniquiensoy..;other lang1 lang1 lang2 other lang1 lang1 lang1 lang1 lang1 lang1 lang1 lang1 lang1 lang1 lang2 lang1 ;other lang1 lang1 ne other lang1 lang1 lang1 lang1 lang1 lang1 lang1 lang1 lang1 lang1 lang2  
yarribadurangopaisano!!!;d;lang1 lang1 lang1 lang1 lang1 lang2 lang1 other lang1 lang1 lang1 lang1 lang1 lang1 lang1 other lang1 ;lang1 lang1 lang1 lang1 lang1 lang1 lang1 other lang1 lang1 lang2 lang1 lang1 lang1 lang1 other  
@lesambam@brissamayenghettofabu-louuusssloljk;lang1 lang1 lang1 lang1 lang1 lang2 lang1 lang1 lang1 lang1 lang1 lang1 lang2 lang1 lang1 other lang1 ;lang1 ne lang1 lang1 lang1 lang2 lang1 lang1 lang1 other other lang1 ambiguous lang1 lang1 other  
ysitevuelvoaver...tejuroqueatuspiesvuelvoacaer...shikititaaaaa;)!!!!yvamonospadurangooigaaaa!!!jajaaiiiihijuesuuu;d;lang1 lang2 lang2 lang2 lang2 lang2 lang2 lang2 lang2 lang2 lang1 lang2 lang2 lang2 lang2 lang1 lang1 ;other lang2 lang2 lang2 lang2 lang2 lang2 lang2 lang2 lang2 lang2 lang2 lang2 lang2 lang2 other  
@brissamayenofcourseherghettoasswouldput23onthere-.-weakasshood!nunbutthatjohnsoverhere!!fivedeuceeelmaojkjkhahaeww;lang1 lang2 lang1 lang2 lang2 lang1 lang1 lang1 lang1 lang2 lang1 lang1 lang2 lang2 lang2 lang2 lang1 ;lang2 lang2 lang2 lang2 lang2 lang2 other lang2 lang2 lang2 lang2 lang2 lang2 lang2 lang2 lang2  
gotaniggagoinlike"yesmastaaahhhwhatevayousaymastahhh!!dobbyyywillobeyyy"lol;lang2 lang2 lang2 lang1 lang2 lang2 lang2 other lang1 lang1 lang2 lang2 lang2 lang2 lang2 lang1 lang1 ;lang2 lang2 lang2 lang2 lang2 lang2 lang2 other lang2 lang2 lang2 lang2 lang2 lang2 lang2 other  
mywholefamilylovesmygf..sometimesithinktheylovehermorethanmelol;lang2 lang2 lang2 lang2 lang2 lang2 lang1 lang2 lang2 lang2 lang2 lang1 lang1 lang2 other other lang1 ;lang2 lang2 lang2 lang2 lang2 lang2 lang2 lang2 lang2 lang2 lang2 lang2 lang2 lang2 other other  
pandoraisonaroll!!!thatbitchmakingmysundayperfect:dnowifshecouldonlyplaythismusicwheni'mworking-.-;lang2 lang2 lang1 lang2 lang2 lang2 other lang2 lang2 lang1 lang2 lang2 lang2 lang2 lang2 other lang1 ;lang2 lang2 other lang2 lang2 lang2 other lang2 lang2 lang2 lang2 lang2 lang2 lang2 lang2 other  
hastaeldiadehoy..yoteamenoloniego..hastaeldiadhoyxkyamecansedesersiempretujuego..ktperdonediosxkyoyanopuedo;lang1 lang2 lang2 lang2 lang2 lang2 lang2 lang1 lang1 lang2 lang2 lang1 lang1 lang2 lang2 other lang1 ;lang2 lang2 lang2 lang2 lang2 lang2 lang2 other lang2 lang2 lang2 lang2 lang2 lang2 lang2 other  
@rosie_amandacreep!lolololjk;lang2 lang2 lang1 lang2 lang2 lang2 lang1 lang2 lang2 lang1 lang2 lang2 lang1 lang2 lang1 other lang1 ;lang2 lang2 lang2 lang2 lang2 lang2 other lang2 lang2 other lang2 lang2 other lang2 lang2 other  
takingbabystepsthough..1stigottafixmybby..thenmakesome$$$,thensellmybby:'(soicangetthekingranchorlariatedition:);lang1 lang1 lang2 lang2 lang1 lang2 lang1 lang2 lang2 lang1 lang2 lang2 lang2 lang2 lang1 other lang1 ;lang2 lang2 lang2 lang2 lang2 lang2 other lang2 lang2 lang2 lang2 lang2 lang2 lang2 other other  
yosequenotefaltaquientequieraamar..;lang1 lang1 lang1 lang1 lang1 lang1 lang1 other lang1 lang1 lang1 lang1 lang1 lang1 lang1 1 lang1 ;lang1 lang1 lang1 lang1 lang1 lang1 lang1 other lang1 lang1 ne lang1 lang1 lang1 lang1 other  
whythefuckwouldutestsomeonewhohas0toleranceforbs...digginyourselfinyourownditch...;lang2 lang1 lang1 lang1 lang1 lang1 lang1 lang1 lang2 lang1 lang1 lang1 lang1 lang1 lang1 1 lang1 ;lang1 lang1 lang1 lang1 ne lang1 lang1 lang1 lang1 lang1 lang1 lang1 lang1 other other other  
teditododmiyfuimalcorrespondido..enfinmedixvencidoytemandealolvidoxknomerecesserfelizdespuesdeavermehechosufrir;lang1 lang1 lang1 lang1 lang1 lang1 lang1 lang1 lang1 lang1 lang2 lang1 other lang1 lang1 other lang1 ;lang1 ne lang1 lang1 lang1 lang1 lang1 lang1 lang1 lang1 lang1 lang1 other lang1 lang1 other  
ilovemyjobbutdamnihatedrvinginroundrock....toomanydamncopseverywhereeee-.-;lang1 lang1 lang1 lang1 lang1 lang2 lang1 lang1 lang1 lang1 lang1 lang2 lang1 lang1 other lang1 lang1 ;lang1 lang1 lang1 lang1 lang1 lang1 lang1 lang1 lang1 lang1 lang1 ne ne lang1 other lang1  
canijusthaveanewf150plz;lang1 lang1 lang2 lang2 lang2 lang2 lang1 lang1 lang1 lang1 other lang1 lang1 lang1 lang1 other lang1 ;lang1 lang1 lang1 lang1 lang1 ne lang1 lang1 lang1 lang1 other lang1 lang1 lang1 lang1 other  
i'mlikehalfadleepontwittet;lang2 lang1 lang1 lang1 lang1 lang1 lang1 lang1 lang2 lang1 lang1 lang1 1 lang1 lang1 other lang1 ;lang1 lang1 lang1 lang1 ne other lang1 lang1 lang1 lang1 lang1 lang1 lang1 lang1 other other  
seahawks!!!!;lang1 other lang1 lang2 lang2 lang2 lang2 lang1 lang2 lang1 lang2 lang2 lang2 lang1 lang1 lang1 lang1 ;other other other lang2 lang2 lang2 lang2 lang2 lang2 lang2 lang2 lang2 lang2 other other other  
mannnnfuckobama!!!;lang1 lang1 lang1 lang2 lang1 lang1 lang2 lang1 lang2 lang1 lang2 lang2 lang1 lang2 lang2 other lang1 ;lang1 lang1 lang1 lang1 lang1 lang2 lang2 lang2 lang2 lang2 lang2 lang2 lang2 lang2 lang2 other  
@devinwilliams_1hopetoseeyouplayonthatdkrfootballfieldoneday!abigstageforabigplaymaker!#hookem;other 1 lang2 lang2 lang2 other lang2 lang1 lang2 other lang2 lang2 lang2 lang1 lang1 other lang1 ;other other lang2 lang2 lang2 other lang2 lang2 lang2 other lang2 lang2 lang2 lang1 lang1 other  
fuckthegrammy's!!!thatshit'sforpussies!loliratherwatchthenflpro-bowl!#teamsanders;lang1 lang1 lang2 lang1 lang1 lang1 lang1 other lang1 lang1 1 lang2 lang1 lang1 lang1 lang1 lang1 ;lang1 lang1 mixed lang1 lang1 lang2 lang2 other lang1 lang1 ne lang2 lang1 lang1 lang1 other  
@ridealong"yeahhbutyouknowwhati'mgo'ndo..grow!what'chugo'ndostretch!?"ialmostdiedwhenthelildudesaidthattokevin!xd;1 other lang1 lang2 lang2 lang2 lang2 lang2 other lang1 lang2 lang1 lang1 lang1 lang2 lang1 lang1 ;other lang1 lang1 lang1 lang2 lang2 lang2 lang2 other lang1 lang1 lang1 lang1 lang2 lang2 other  
ppldefendingthatedgartamayoguywhogotexecutedbythelovelystateoftexasforkillingalawenforcementofficerdumbaf!-.-;lang1 lang1 lang2 lang2 lang1 lang1 lang2 lang1 lang1 lang2 lang1 lang2 lang2 lang2 lang2 other lang1 ;lang2 lang2 lang2 lang2 lang2 lang2 lang2 lang2 lang2 lang2 lang2 lang2 lang1 lang2 lang2 other  
@sanluispotoyeesletsgotopluckers:);1 lang1 lang1 lang1 other lang1 lang1 lang1 lang1 lang2 lang2 lang1 lang2 lang2 lang2 ne lang1 ;other lang1 lang1 lang1 other lang1 lang1 lang1 other lang2 lang2 lang2 lang2 lang2 lang2 lang2  
@sanluispotoyeesyoufakeeeeforcallingmefakeeeloli'mcallingyououtforbeingfakecuhhlmao;lang1 lang2 1 lang1 lang1 lang1 lang1 lang1 lang1 lang1 lang1 lang1 lang1 lang2 lang1 1 lang1 ;lang1 lang1 ne lang1 lang1 lang1 lang1 lang1 lang1 lang1 lang1 lang1 lang1 lang1 lang1 other  
@sanluispotoyeesyosiempre!asisomoslosdedurango;);lang1 lang1 lang1 lang1 lang1 lang1 lang1 lang2 lang1 lang1 lang1 lang2 lang1 lang1 lang1 lang1 lang1 ;lang1 lang1 lang1 lang1 lang1 lang1 lang1 lang1 lang1 lang1 lang1 lang1 lang1 lang1 lang1 lang1  
@monimaravilla19lmfaoxd;1 1 1 other lang1 lang1 lang1 lang1 lang2 lang1 lang1 lang1 lang1 lang1 lang1 lang2 lang1 ;other other lang1 other lang1 lang1 lang1 lang1 lang1 lang1 lang1 lang1 lang1 lang1 lang1 other  
@audreyy_torrespossiyanihablasxfb:/;1 1 lang1 lang1 other lang1 lang1 lang2 lang1 lang1 lang1 lang1 lang1 lang1 lang1 lang1 lang1 ;other other lang1 lang1 other lang1 lang1 lang1 lang1 lang1 lang1 lang1 lang1 lang1 lang1 lang1  
iwantatoasterstrudel!ihaven'thadonesinceelementaryschool/(0.0)\;lang1 lang1 lang1 lang1 other lang1 lang1 lang1 lang1 lang1 lang2 lang1 lang1 lang1 lang1 lang1 lang1 ;lang1 lang1 lang1 lang1 other lang1 lang1 lang1 lang1 lang1 other lang1 lang1 lang1 lang1 lang1  
myweakness:whisperinginmyear...;)#turnon#weak#freak;lang1 lang1 lang2 lang1 lang1 lang1 lang1 lang1 lang2 lang1 lang1 lang1 lang2 lang2 lang1 lang1 lang1 ;lang1 lang1 lang1 lang1 lang1 lang1 lang1 lang1 lang1 lang1 lang1 lang1 lang1 lang1 lang1 lang1  
@ibrandx_youknowyouaboutthat"pointybootlife""chuntiiiswaggg"loljk;lang1 lang1 lang1 lang1 lang2 lang1 lang1 lang1 lang1 lang1 lang1 lang1 lang1 lang1 lang1 lang1 lang1 ;lang1 lang1 lang1 lang1 lang1 lang1 lang1 other lang1 lang1 lang1 lang1 lang1 lang1 lang1 lang1  
@poonaf_2texasneedsyourtalentaswerebuild!youwoulddefinitelystandout!#hookem;other other other lang1 lang1 lang1 lang1 lang1 lang1 lang1 lang1 lang1 lang1 lang1 lang2 lang1 lang1 ;other other other lang1 lang1 lang1 lang1 lang1 lang1 lang1 lang1 lang1 lang1 lang1 lang1 lang1  
@omar_s123eresunoyooo:(noseasojetepasateunashoritaspa'kaaacochooololjk;lang2 lang1 lang1 lang1 lang1 lang1 lang1 lang1 lang1 lang1 lang1 lang1 lang1 lang1 lang1 lang1 lang1 ;lang1 lang1 other lang1 lang1 lang1 lang1 lang1 lang1 lang1 lang1 lang1 lang1 lang1 lang1 other  
@foxaustintheydoitinmexico!surewhynot!?lolmyunclebuilthis2-storyhouseoffofbeer!(:hardestworkingguysieversawhaha;lang1 lang1 lang1 lang1 lang1 other lang1 lang1 lang2 lang1 lang1 lang1 lang1 lang2 lang1 other lang1 ;lang1 lang1 lang1 lang1 lang1 other lang1 lang1 lang1 lang1 lang1 lang1 lang1 lang1 lang1 other  
@_shedopeeemkayyyjustmakingsure!ifuneedatlkigotyakiddo:);1 lang1 lang1 lang2 lang2 lang1 lang1 lang1 lang1 lang2 lang1 lang1 lang1 lang1 lang1 lang1 lang1 ;other lang1 lang1 lang1 lang1 lang1 lang1 lang1 lang1 lang1 lang1 lang1 lang1 lang1 lang1 other  
@caseyonfox7@foxaustinthechildwas9accordingtokvue..;lang1 lang1 lang1 lang2 lang1 lang1 lang2 lang1 lang1 lang1 lang1 lang1 lang1 lang1 lang1 lang2 lang1 ;lang1 lang1 lang1 lang1 lang1 lang1 lang1 lang1 lang1 lang1 lang1 lang1 lang1 lang1 lang1 lang1  
@mbabbby_evillllloljk;lang1 lang1 lang1 lang1 lang1 lang1 lang1 lang2 lang2 lang1 lang1 lang1 lang2 lang1 other lang1 lang1 ;lang1 lang1 lang1 lang1 lang1 lang1 lang1 lang1 lang1 lang1 lang1 lang1 lang1 lang1 other lang1  
@sanluispotoyees@brissamayenyadijo!brissaponeelgrupo!diceknosvaaponeraalacranesmusicalconjuntoatardecerolamaquinaria;);lang1 lang1 lang1 lang1 lang1 lang2 lang1 lang1 lang1 lang1 lang1 lang1 lang1 lang1 lang1 lang1 lang1 ;lang1 other other lang1 lang1 lang1 lang1 lang1 lang1 lang1 lang1 lang1 lang1 lang1 lang1 other  
didyounothaveakenbarbiedollwhenyouwereyoungerorwhatthefuck???;lang1 lang2 lang1 lang1 lang1 lang1 lang1 lang1 lang2 lang1 lang1 lang1 lang1 lang1 lang1 lang1 lang1 ;lang1 lang1 lang1 lang1 lang1 other lang1 other lang1 lang1 lang1 lang1 lang1 lang1 lang1 lang1  
mexicanmusiconblastoutsidemyapts.atthishourusuallymeanstheseniggasarestartintheirworkday!#mexicansputinwork#losguerosno;other lang1 lang2 lang1 lang1 lang1 lang1 lang1 lang1 lang1 lang1 lang1 lang1 lang1 lang1 lang1 lang1 ;other lang1 other lang1 lang1 lang1 lang1 lang1 lang1 lang1 lang1 lang1 lang1 lang1 lang1 lang1  
@ibrandx_wasthatasunconure?(0.0)^0^?:/;lang1 lang1 lang1 lang1 lang1 lang2 lang1 lang1 lang1 lang1 lang1 lang2 lang1 lang1 lang1 lang1 lang1 ;lang1 lang1 lang1 lang1 lang1 lang1 lang1 lang1 lang1 lang1 lang1 lang1 lang1 lang1 lang1 lang1  
@tinaandersonocnp!ijustcouldn'tagreemore,there'snothingsexierthanaconfidentwomandrivingatruck!,realturnon!:);lang1 lang1 lang1 lang1 lang1 lang1 lang1 lang1 lang1 lang1 lang2 lang1 lang1 lang1 lang1 lang1 lang1 ;lang1 lang1 lang1 lang1 lang1 lang1 lang1 lang1 lang1 lang1 lang1 lang1 lang1 lang1 lang1 lang1  
aysi!aysi!escuchocorridosytomobuchannan'symesientobienchingon!!!gtfoh!!!!#mangueras#melacuro#pendejetes#mamones;lang1 lang1 lang1 lang1 lang1 lang1 lang1 lang1 lang1 lang1 lang1 lang2 lang1 lang1 lang1 lang1 lang1 ;lang1 lang1 lang1 lang1 lang1 lang1 lang1 lang1 lang1 lang1 lang1 lang1 lang1 lang1 lang1 lang1  
that#ncislaending...wow!!!proudtobeanamerican#usa#proud#honor#godblessamerica;lang1 lang1 lang1 lang2 lang2 lang2 lang1 lang1 lang1 lang2 lang1 lang1 lang1 lang1 lang1 lang1 lang1 ;lang1 lang1 lang1 lang1 lang1 lang1 lang1 lang1 lang1 lang1 lang1 lang1 lang1 lang1 lang1 lang1  
@__evaaaayoushouldlistento"thatpole"bykirkoitgoesharderthandrankinmycup;lang1 lang1 lang1 lang1 lang1 lang1 lang1 lang1 lang1 lang1 lang1 lang1 lang1 lang1 lang1 other lang1 ;lang1 lang1 lang1 lang1 lang1 lang1 lang1 other lang1 lang1 lang1 lang1 lang1 lang1 lang1 other  
@sanluispotoyeesummmnoooyoutakeparmerthen183southuntilyougettotheh52d;lang1 lang1 lang1 lang2 lang1 lang1 lang2 lang1 lang1 lang1 lang1 lang1 lang1 lang1 lang1 lang1 lang1 ;lang1 lang1 lang1 lang1 lang1 other lang1 lang1 lang1 lang1 lang1 lang1 lang1 lang1 lang1 lang1  
@kennyvaccaro4whateverhappenedtoblakegideon???you2werelikebulldozersonthatutfieldwhenyallplayedtogether!!!;1 lang1 lang1 lang1 lang1 lang1 lang1 lang1 lang1 lang1 lang1 lang1 lang1 lang2 lang1 lang1 lang1 ;other lang1 lang1 lang1 lang1 lang1 lang1 other lang1 lang1 lang1 lang1 lang1 lang1 lang1 lang1  
@fordhmmmmighthavetosellmyold02f150forthisone(;it'sgorgeous!;1 lang1 lang1 lang1 other lang2 lang1 lang1 lang1 lang1 lang1 lang1 lang1 lang1 lang1 other lang1 ;other lang1 lang1 lang1 other lang1 lang1 lang1 lang1 lang1 lang1 lang1 lang1 lang1 lang1 other  
onceicangetmychliwanttogohunting!!!#luceroteapoyo#texas#gunsup#deer#ducks#quail;lang1 lang1 lang1 lang1 lang1 lang2 lang1 lang1 lang1 lang1 lang2 lang1 lang2 lang1 lang2 lang1 lang1 ;lang1 lang1 lang1 lang1 lang1 lang1 lang1 lang1 lang1 lang1 lang1 lang1 lang1 lang1 lang1 lang1  
mytlisunderderailmentbythe#txstfollowtrain!#awwdamn#holdon;lang1 lang1 lang1 lang1 lang1 lang1 lang1 lang1 lang1 lang1 lang1 lang1 lang1 lang1 lang2 lang1 lang1 ;lang1 lang1 lang1 lang1 lang1 lang1 lang1 lang1 lang1 lang1 lang1 lang1 lang1 lang1 lang1 lang1  
@elizaaaabethhh_@ciinthiiarmlolrightletskeepgoing;)hehejkjk;1 lang1 lang1 lang1 lang1 lang1 other lang1 lang1 lang1 lang1 lang2 lang1 lang1 lang1 other lang1 ;other lang1 lang1 lang1 other lang1 other lang1 lang1 lang1 lang1 lang1 lang1 lang1 lang1 other  
@elizaaaabethhh_@ciinthiiarmespeciallyatemmalongornorthwestparkeveryweekend:d;lang1 lang1 lang2 lang1 lang1 lang1 lang1 lang2 lang1 lang1 lang1 lang1 lang1 lang1 lang1 lang1 lang1 ;lang1 lang1 lang1 lang1 lang1 lang1 lang1 lang1 lang1 lang1 lang1 lang1 lang1 lang1 lang1 lang1  
@elizaaaabethhh_icann'thelpit!itsfun!!!^.^lmao;1 other lang1 lang2 lang1 lang2 other lang2 lang1 lang2 lang1 lang1 lang2 lang1 lang1 lang1 lang1 ;other other lang1 lang1 lang1 lang1 other lang1 lang1 lang1 lang1 lang1 lang1 lang1 lang1 lang1  
yoentremenostengomasfelizmesiento:)serepobreperoasisoyfeliz!;lang2 lang1 lang1 lang1 lang1 lang1 lang1 lang1 lang1 lang1 lang1 lang1 lang1 lang1 lang1 lang1 lang1 ;lang1 lang1 lang1 lang1 lang1 lang1 lang1 lang1 lang1 lang1 lang1 lang1 lang1 lang1 lang1 lang1  
mi38yanotequiero..puroak-47..yavete..tuvaspatrasydilequeterespete..;1 lang2 lang1 lang1 lang1 lang1 lang1 lang1 other lang1 lang1 lang1 lang1 lang1 lang2 lang1 lang1 ;other lang1 lang1 lang1 lang1 lang1 lang1 lang1 other lang1 lang1 lang1 lang1 lang1 lang1 lang1  
@_shedopeeejajaporque:(;lang1 lang1 lang1 lang1 lang1 lang1 lang1 lang1 lang1 lang1 lang1 lang1 lang1 lang1 lang1 lang1 lang1 ;lang1 lang1 other lang1 lang1 lang1 lang1 lang1 lang1 lang1 lang1 lang1 lang1 lang1 lang1 lang1  
yacambiodequechikititaaaa????;1 lang1 lang1 lang1 lang1 lang1 lang1 lang1 lang1 lang1 lang1 lang1 lang2 lang1 other 1 lang1 ;other lang1 lang1 lang1 lang1 lang1 lang1 lang1 lang1 lang1 lang1 lang1 lang1 lang1 other other  
sequesoyunashorasdemaselpasatiempoquetantotedivierte...;other lang1 lang1 lang1 lang1 lang1 lang1 other lang1 lang2 lang1 lang1 lang1 lang1 lang1 lang1 lang1 ;other lang1 lang1 lang1 lang1 lang1 lang1 other lang1 lang1 lang1 lang1 lang1 lang1 lang1 lang1  
sequeno..quenopodreborrartunombredemimenteaunqueyolointente..;lang1 lang2 lang1 lang1 lang2 lang1 lang2 lang1 lang1 lang1 lang2 lang1 lang1 lang1 lang1 lang1 lang1 ;lang1 lang1 lang1 lang1 lang1 lang1 lang1 lang1 lang1 lang1 lang1 lang1 lang1 lang1 lang1 lang1  
noseeevivirsinoescontigooo..sintinoseniquiensoy...;lang1 lang2 lang1 lang1 lang1 lang1 lang1 lang1 lang1 lang1 lang2 lang1 lang1 lang1 lang1 lang1 lang1 ;lang1 lang1 lang1 lang1 lang1 lang1 lang1 lang1 lang1 lang1 lang1 lang1 lang1 lang1 lang1 lang1  
medijistequeteivas..mastuslabiossonreian..perotusojoserantrozosdedolor...;lang1 lang1 lang1 lang1 lang1 lang1 lang1 lang1 lang1 lang1 lang1 lang1 lang1 lang1 lang1 lang2 lang1 ;lang1 lang1 lang1 lang1 lang1 lang1 lang1 lang1 lang1 other lang1 lang1 lang1 lang1 lang1 lang1  
yestaternuraquesientoportiespormirartedelejos..porquetunomepermitesunsegundodetutiempo...;lang1 lang1 lang1 lang1 lang1 lang1 lang1 lang1 lang2 lang1 lang2 lang1 lang1 lang1 lang1 lang1 lang1 ;lang1 lang1 lang1 lang1 lang1 lang1 lang1 lang1 lang1 lang1 lang1 lang1 lang1 lang1 lang1 lang1  
alguiensetomomivinoalguienseacostoenmicama..yhoymedejasesporcausadeestadecepsion...;1 lang1 lang1 lang1 lang1 lang1 lang1 lang1 lang1 lang1 lang1 lang1 lang1 lang1 lang1 lang1 lang1 ;other lang1 lang1 lang1 lang1 lang1 lang1 lang1 lang1 lang1 lang1 lang1 lang1 lang1 lang1 lang1  
estasadjeridaamicomountatuajeee;lang1 lang1 lang1 lang1 lang1 lang1 lang2 lang2 lang1 lang1 lang1 lang1 lang1 lang1 lang1 lang1 lang1 ;lang1 lang1 lang1 lang1 lang1 other lang1 lang1 lang1 lang1 other lang1 lang1 lang1 lang1 lang1  
nomeconformoconsertuamigosoyambiciosoytebendigo..;lang1 lang2 lang1 lang1 lang1 lang1 lang1 lang2 lang1 lang1 lang1 lang1 lang1 lang1 lang1 lang1 lang1 ;lang1 lang1 lang1 lang1 lang1 lang1 lang1 lang1 lang1 lang1 lang1 lang1 lang1 other other other  
ydicesqueelamor..igualquellegaapasar..igualsemarchoporlaventana..yqueencontrounlugarenotracama...;lang1 lang1 lang1 lang1 lang2 lang1 other lang2 lang2 lang1 lang1 lang1 lang1 lang1 lang1 lang1 lang1 ;lang1 lang1 lang1 lang1 lang1 lang1 other lang1 lang1 lang1 lang1 lang1 lang1 lang1 lang1 lang1  
mellamasparadecirmequetemarchas..queyanoaguantasmas..queyaestasarta...;lang1 lang1 lang1 lang1 lang1 lang1 lang1 lang1 lang1 lang1 other lang1 lang1 lang1 lang1 lang1 lang1 ;lang1 lang1 lang1 lang1 lang1 lang1 lang1 lang1 lang1 lang1 other lang1 lang1 lang1 lang1 lang1  
comopoderdecirtequesintivivotristeee..;other lang1 lang2 lang2 lang1 lang1 lang1 lang1 lang1 lang1 lang1 lang1 lang1 1 lang2 lang2 lang1 ;other other lang1 lang1 lang1 lang1 lang1 lang2 ne lang1 lang1 other lang1 other lang2 lang2  
cuentametu..haspodidoolvidaraquellasnochesdeamorquecompartiamoslosdos?..;other lang1 lang2 lang1 lang1 lang1 lang1 lang2 lang1 lang1 lang2 lang1 lang1 lang1 lang1 lang1 lang1 ;other lang2 lang2 other other lang1 lang1 lang1 lang1 lang1 lang1 lang1 lang1 other lang1 lang1  
@elizaaaabethhh_denada:);1 lang1 lang1 lang1 lang1 lang1 lang1 lang1 lang2 lang1 lang2 lang1 lang2 lang2 lang2 other lang1 ;other lang1 lang1 lang1 lang1 lang1 lang1 lang1 lang1 lang1 lang2 lang2 lang2 lang2 lang2 other  
porminoquedo...elproblemaesquetununcaaacolaborasteee!!!!...;1 lang2 lang1 lang1 lang1 lang1 lang1 lang1 lang1 lang1 lang2 lang2 lang2 lang1 lang2 lang1 lang1 ;other lang1 lang1 lang1 lang1 lang1 lang1 lang1 lang1 lang1 lang1 ne lang1 lang1 lang2 lang1  
conlanovedadqueelrogar,nuncaasidomifuerte...!;1 lang1 lang1 lang2 lang2 lang2 lang1 lang1 lang1 lang2 lang1 lang1 lang1 lang2 lang2 lang1 lang1 ;other lang1 lang2 lang2 lang2 lang2 other lang1 lang1 lang1 lang1 lang1 lang2 lang2 lang2 lang1  
mevoyacolgarelgafettedesolteroysaldrealucirlooo;d;1 lang1 lang1 lang1 lang1 lang1 lang2 lang1 other lang1 lang1 lang2 lang1 lang1 lang2 other lang1 ;other lang1 lang1 lang1 lang1 lang1 lang1 lang1 other other lang1 lang2 lang1 lang1 lang1 other  
hayquerwconoserlonuestronosedio...fuimostodounfracasooo;other lang1 lang1 lang2 lang2 other lang2 lang2 lang2 lang2 lang1 lang2 lang2 lang1 lang1 lang2 lang1 ;other lang1 lang1 lang2 lang2 other lang2 lang2 lang2 lang2 lang2 lang2 lang2 lang2 lang2 lang2  
gentependejaaa...;other lang1 lang2 other lang1 lang1 lang1 lang1 lang1 lang1 lang1 lang1 lang1 lang1 lang1 other lang1 ;other lang1 lang2 other other lang1 lang1 lang1 lang1 lang1 other lang1 lang1 lang1 lang1 ambiguous  
quisieranuncaaverteconosido..nijamasaverprobadodetusbesos..quisieraavernacidoenotrosiglopanoaverteconosido..;1 lang2 lang2 lang2 lang1 lang1 lang1 lang1 other lang1 lang2 lang2 lang2 lang2 lang2 lang1 lang1 ;other lang2 lang2 lang2 lang1 lang1 lang1 lang1 other lang2 lang2 lang2 lang2 lang2 lang2 lang1  
fuextuculpaxknovaloraste..fuextuculpaxksiemprepensastequeivaaestaratuspies...;other lang1 lang1 lang1 lang1 lang1 lang1 other lang1 lang1 lang1 lang2 lang1 lang1 lang1 lang1 lang1 ;other lang1 lang1 lang1 lang1 lang1 lang1 other lang1 lang1 lang2 ne lang1 lang1 lang1 lang1  
tumatasteelamoryanosiguasllorando..queotrosbrazosmeestanesperando;d;lang1 lang1 lang1 lang1 lang1 lang2 lang2 lang2 lang1 other lang1 lang1 lang1 lang1 lang1 lang1 lang1 ;lang1 lang1 lang1 lang1 other lang2 lang2 lang2 lang2 other lang1 lang1 lang1 lang1 lang1 lang1  
ventumiamooor...venporfavoooooor.....;lang1 lang1 lang1 lang1 lang2 lang2 lang1 lang2 lang1 lang1 lang1 lang1 lang1 lang1 lang1 lang1 lang1 ;lang1 lang1 lang1 other lang2 lang2 lang2 lang2 lang1 lang1 lang1 lang1 lang1 lang1 lang1 other  
yaestoycansadodeltequiero..delosmilteamo'squemeenviasporcarta..ventuydimelocaraacaraqueporpapelnosientonada..;lang1 lang1 lang1 lang2 lang1 lang2 1 lang1 lang1 lang1 lang1 lang1 lang1 lang1 lang1 lang1 lang1 ;lang1 lang1 other lang2 lang1 lang1 other lang1 lang1 lang1 other lang1 lang1 lang1 lang1 other  
quetontos..quelocos..somostuyyo..estandoconotrosyahoraamandonos...;lang1 lang1 lang1 lang1 lang2 lang1 lang1 lang1 lang1 lang1 lang1 lang1 lang2 lang1 lang1 lang1 lang1 ;lang1 lang1 lang1 other lang2 lang1 lang1 lang1 lang1 lang1 other lang1 lang1 lang1 lang1 other  
mepidestantoquetedetulibertad..hasloquequieras,conquienquieras,dondequieras..eldiaquequierasirtepuedesirte..;lang1 lang1 lang2 lang1 lang1 lang2 lang1 lang1 lang1 lang1 lang1 lang1 lang1 lang1 lang1 lang1 lang1 ;lang1 other lang2 other lang1 lang1 lang1 lang1 lang1 other lang1 lang1 lang1 lang1 lang1 other  
hoysintilavidanotieneigualcolor..nuncamasvoyaencontrarsentimientoigualdelquemevolvereaenamorar..;lang1 lang1 lang1 lang1 lang2 lang1 lang1 lang1 lang1 lang2 lang1 lang1 lang1 lang1 lang1 lang1 lang1 ;lang1 lang1 other lang2 lang2 other lang1 lang1 lang1 lang1 lang1 lang1 lang1 lang1 lang1 other  
quepasosientoquetodosetermino..dondeestaaquelamorquemedabas?aquellascariciasconquedespertabas?;lang1 lang2 lang1 lang1 lang1 lang1 lang2 lang1 lang1 lang2 lang1 lang1 lang1 lang1 lang1 lang1 lang1 ;lang1 lang1 other lang2 lang2 lang2 lang2 other lang1 lang1 lang1 other lang1 lang1 lang1 other  
situtequieresmarcharyonotelovoyaimpedir..;lang1 lang1 lang1 lang1 lang1 1 lang1 lang2 lang1 lang2 lang1 lang2 lang1 1 lang1 lang1 lang1 ;lang1 lang1 lang1 other lang1 lang2 lang1 lang2 lang1 lang2 lang1 lang2 lang1 lang2 ne lang2  
ysitevuelvesaenamorarcorazonnoquierovertellorarporquetuspenassonlasmiastambienynosoportariaunamas...;lang1 lang1 lang1 lang1 lang2 lang2 lang1 lang1 lang1 lang1 lang1 lang1 lang1 lang1 lang1 lang1 lang1 ;lang1 lang1 other lang2 lang2 lang2 other lang1 lang1 lang1 lang1 lang1 lang1 lang1 lang1 other  
corazonnoseasasi..fijatedequienteenamoras!!!;lang1 lang1 lang2 lang1 lang1 lang1 lang1 lang1 lang2 lang1 lang1 lang1 lang1 lang1 lang1 lang1 lang1 ;lang1 other lang2 other lang1 lang1 lang1 lang1 lang1 lang1 lang1 lang1 lang1 lang1 lang1 other  
lacuriosidadmatoalgato..peroaminiabalazosmealcanzan;);lang1 lang1 lang2 lang1 lang1 lang2 lang1 lang1 lang2 lang1 lang1 lang1 lang1 lang1 lang2 lang1 lang1 ;lang1 lang1 lang1 other lang2 lang2 other lang1 lang1 other lang1 lang1 lang1 lang1 lang1 other  
cuidadetuvidaentucamino,yosiemprepedireadiosporti..poresecorazonquemediotanto,peroacabomiencantoyloperdiii..;1 lang1 lang1 lang1 lang1 lang1 lang2 lang1 lang1 lang1 lang1 lang1 lang1 lang1 lang1 lang1 lang1 ;lang2 other lang1 lang1 other lang1 lang1 lang1 lang1 lang1 other lang1 lang1 lang1 lang1 lang1  
@lesambamandalepues...;lang1 lang1 lang2 lang1 lang1 lang2 lang1 lang1 lang1 lang1 lang1 lang1 lang1 lang1 lang1 lang1 lang1 ;lang1 other lang2 other lang1 lang1 lang1 lang1 lang1 other lang1 lang1 lang1 lang1 lang1 other  
tantopasado,tantascaricias,tantosrecuerdosparasonar..eshistoriaquenadiepodraigualar..;lang1 lang1 lang1 lang1 lang2 lang1 lang1 lang1 lang1 lang2 lang1 lang1 lang1 lang1 lang1 lang1 lang1 ;lang1 lang1 other lang2 lang2 other lang1 lang1 lang1 lang1 lang1 lang1 lang1 lang1 lang1 other  
laverdadesquetuyanoeresnadaparami...vete!noimportadonde...tansoloconquesealejosdemi..;other lang1 lang1 lang2 lang2 lang2 lang2 lang1 lang2 lang2 lang2 lang2 lang2 other lang1 lang1 lang1 ;other lang2 other lang2 lang2 lang2 lang2 other lang2 lang2 lang2 lang2 lang2 other lang1 lang2  
@audreyy_torreslolentonces?xd;lang1 lang1 lang1 lang2 lang1 lang2 lang1 lang1 lang2 lang1 1 lang2 lang2 lang1 lang1 lang1 lang1 ;lang1 lang1 other lang2 lang2 ne other lang1 lang1 lang1 lang1 lang1 lang1 lang1 lang1 other  
@audreyy_torrestevendolamia!;lang1 lang1 lang1 lang1 lang2 lang1 lang1 lang1 lang1 lang1 lang1 lang1 lang2 lang1 lang1 lang1 lang1 ;lang1 lang1 lang1 other lang2 other lang1 lang1 lang1 lang1 other lang1 lang1 lang1 lang1 other  
@elizaaaabethhh_teinvitocuandomepagen!^.^;lang1 lang1 lang1 lang1 lang2 lang1 lang1 lang1 lang1 lang2 lang1 lang1 lang1 lang1 lang1 lang1 lang1 ;lang1 lang1 lang1 other lang2 lang1 lang1 lang1 lang1 lang1 lang1 lang1 lang1 other lang1 other  
pormasbonitaqueestesesepincheosicoquetecargastehaceverfellisima...mecaekesi..;1 1 lang2 lang1 lang1 lang1 lang1 lang1 lang1 lang1 lang2 lang1 lang1 lang2 lang2 lang1 lang1 ;other other lang1 lang1 lang1 lang1 lang1 ne lang1 ne lang1 lang1 other lang2 lang2 other  
@_shedopeeeeslareaccionnatural!unonopiensaclaramentelascosasyhacelascosasenelmomentosinpensarenlasconsecuensias:/;lang1 lang1 lang1 lang1 lang2 lang2 lang1 lang1 lang2 lang1 lang1 lang1 lang1 lang1 lang1 lang1 lang1 ;lang1 lang1 lang1 other lang2 lang2 other lang1 lang1 lang1 lang1 other lang1 lang1 lang1 other  
buenasnochesojalaytocetrabajarmañana!!!;lang1 lang2 lang1 lang1 lang1 lang2 lang1 1 lang1 lang1 lang1 lang1 lang1 lang2 lang1 lang1 lang1 ;lang1 lang1 lang1 other lang2 lang2 lang2 lang2 lang1 lang1 lang1 lang1 lang1 lang1 lang1 other  
@sanluispotoyeesyeso(;?;lang1 lang1 lang1 lang2 lang2 lang1 1 lang1 lang1 lang1 lang1 lang1 lang1 lang1 lang1 lang1 lang1 ;lang1 other other lang2 lang2 other lang2 lang1 lang1 lang1 lang1 lang1 lang1 lang1 lang1 other  
nacosamiladoooaquienlostacos!!!borrensealvpa'yaaaa!!!ewww;other other ne lang2 lang2 other lang2 lang1 lang1 ne lang1 ne lang2 lang2 other 1 lang1 ;other other ne lang2 lang2 other lang2 lang2 lang2 ne other ne lang2 lang2 other lang2  
@sanluispotoyeesakesiiixd;lang1 lang1 lang1 lang1 lang1 lang1 lang1 lang1 lang1 lang1 lang1 lang1 lang1 lang1 lang1 lang1 lang1 ;lang1 lang1 lang1 lang1 lang1 other lang1 lang1 lang1 lang1 lang1 lang1 lang1 lang1 lang1 other  
@sanluispotoyeesdileskeledasunmasajeconunbalazoenlacabezapakyqnosientadolorjajajaja;other lang1 lang1 lang1 lang1 lang1 lang1 lang1 lang1 lang2 other lang1 lang1 lang1 lang2 other lang1 ;other lang1 other lang1 lang1 lang1 other lang1 lang1 lang1 other lang1 lang1 lang1 lang1 other  
@sanluispotoyeespakahorrositengocasaspaescojer!aytanunchingodepuentes;)jajajaahoratapateelosicootelotapo8===do:;1 lang1 lang1 lang1 lang1 lang2 lang1 lang1 lang1 lang1 lang1 lang1 lang1 lang1 lang1 other lang1 ;other lang1 lang1 lang1 other lang1 lang1 lang1 lang1 lang1 lang1 lang1 lang1 other lang1 other  
@sanluispotoyeesmirababosillaaatapameelquioteynomameslmfaoxd;1 lang1 lang1 lang1 lang2 lang1 lang1 lang1 lang2 other lang1 lang1 lang1 lang1 lang1 other lang1 ;other lang1 lang1 lang1 lang1 lang1 other lang1 lang1 other lang1 lang1 lang1 lang1 lang1 other  
@sanluispotoyeeseskemeardenmisojosxelmalditocedralquehayenelaire-.-;1 lang2 lang1 lang1 lang1 lang1 lang1 lang1 lang1 lang2 lang1 lang1 lang1 lang1 lang2 other lang1 ;other lang1 lang1 lang1 other lang1 lang1 lang1 lang1 lang1 other lang1 lang1 lang1 lang1 other  
@audreyy_torrescoshinaaaa;1 lang1 lang1 other lang1 lang1 lang1 lang1 lang1 lang1 lang1 lang1 lang1 lang1 lang1 other lang1 ;other lang1 lang1 other lang1 lang1 lang1 lang1 lang1 lang1 lang1 other lang1 lang1 lang1 other  
@aldoatardecerykseescucheesatamboraaaprimooo!!!;lang2 lang1 lang2 lang1 lang2 lang2 lang1 lang2 lang2 lang2 lang2 lang1 lang2 lang2 lang2 lang2 lang1 ;lang2 lang2 lang2 lang2 lang2 lang2 lang2 lang2 lang2 lang2 lang2 lang2 lang2 lang2 lang2 lang2  
nadiepuedellorarleaesteviejoporquenadadejo,mevoycomovineee!!!;lang1 lang2 lang2 lang2 lang2 lang2 lang2 lang2 lang2 lang1 lang2 lang1 lang2 lang2 lang2 lang2 lang1 ;lang2 lang2 lang2 lang2 lang2 lang2 lang2 lang2 lang2 lang2 lang2 lang2 lang2 lang2 lang2 lang2  
alcavoqueniqueriaaa...indiaperraaa!!!!!;lang2 lang2 lang2 lang1 lang2 lang1 lang2 lang2 lang2 lang2 lang2 lang2 lang2 lang2 lang2 other lang1 ;lang2 lang2 lang2 lang2 lang2 lang2 lang2 lang2 lang2 lang2 lang2 lang2 lang2 lang2 lang2 other  
