TweetID	UserId	Tweet
4.40338729215861E+017	21327323	11:11.....make a wish.......night night
4.4032858305187E+017	21327323	@YiseBabee i wish i could be ignorant
4.40295872622903E+017	270181505	Bout to get my Fat ON
4.40299557725815E+017	418322879	Me encantaria que me vieras, de la manera que yo te veo #OneDay
4.39643191923323E+017	418322879	@CalvaryArlCC Do you guys have a spanish department or services???
4.39640270477341E+017	418322879	Going asleep with papi's music on skype, even thoe our call hang up #Priceless #DistanceDontMatter
4.39514202370089E+017	418322879	Lets have a date me and you for ever and ever  #NeverAlone
4.40370839905514E+017	270181505	Good Night World y'all be blessed
4.40225118799671E+017	270181505	Good Afternoon World
4.39867867828216E+017	270181505	@Liberty316 Ur B-Day was yesterday too fam!?
4.39810705517072E+017	270181505	Good Morning World y'all be blessed
4.4032231472366E+017	345603205	Not Found
4.40193089140195E+017	345603205	Not Found
4.40191844660834E+017	345603205	Not Found
4.40191655820685E+017	345603205	Not Found
4.40189393740235E+017	345603205	Not Found
4.40186770706428E+017	345603205	Not Found
4.40345429352677E+017	76523773	Not Found
4.40185285331005E+017	76523773	Am going to work really hard!!! No matter what is going in my life
4.39976199851233E+017	76523773	"my mom: me puestes mandar unos gotero que se llama ""me vale madre"" jajajaja"
4.39974079160795E+017	76523773	this can be happing to me Noooooo wake up girl!!!
4.39973669675078E+017	76523773	Not Found
4.39255631074038E+017	76523773	Un poco de miedo 
4.39225192544346E+017	76523773	Smile cause your smile is amazing 
4.38863114612658E+017	76523773	Yo no soy de botas vaquera me miro súper mal jajaja
4.38816620790575E+017	76523773	I already know what I want for my b-day :)
4.38503315270165E+017	76523773	I just want to slap my self jaja stop it Alejandra stop it
4.38503218201362E+017	76523773	Not Found
4.38501153198723E+017	76523773	I want to go to san Antonio!!! and to hill country and san marcos too
4.38291573948703E+017	76523773	I want to sleep more 
4.38111629897527E+017	76523773	I want friday to be here already :) can wait I just hope it fit 
4.37998591898968E+017	76523773	I need that yesterday :)
4.37807707936944E+017	76523773	Que rico me duele mi cuerpo #goodexercise
4.37772008151986E+017	76523773	I hope it can happen!!! if not it ok pero if it does :) please please let it happen <3
4.3745297671875E+017	76523773	A dormir goodnight 
4.40331254219538E+017	21327323	@alexiasalazar8 meow
4.4032649400746E+017	21327323	lol ELLEN saying she has no money to tip the pizza boy :')
4.39799636346159E+017	196432610	@biittchmiko Okay I'm going send it to you or its all the same thing
4.39799072241639E+017	196432610	@biittchmiko Okay, Priscilla gave me a coupon I could used it, but I can't print it.
4.39766894657036E+017	196432610	@Moniii_07 @daang_priscilla Sorry girls I didn't know you all where going to call me:(
4.39650080262345E+017	196432610	I think I'll just go to bed.
4.39640537235071E+017	196432610	Hay Dios, I'm tired.
4.39628344544354E+017	196432610	Wow, I love oomf she makes me laugh (:
4.39587247726154E+017	196432610	Mallorie and Megan are freaking hilarious...
4.39453421574185E+017	196432610	@biittchmiko I'll be there like at 4 Okay give me a discount lol (:
4.39427393573225E+017	196432610	Duele el amor sin ti, duele hasta matar.
4.39426702742024E+017	196432610	Lastnight I cried, till I fell asleep.
4.39423372011635E+017	196432610	Lastnight, talking a David about all my problems, the shit I've been through, I knew he's a good friend.
4.39422437352956E+017	196432610	& lastnight was one of those days.
4.39422161992679E+017	196432610	When I'm depress, I fall asleep early,
4.39283149197939E+017	196432610	I'm done, I'm done.
4.39277655951544E+017	196432610	I love Alicia no matter how much shit we go through we always talk about and where there like sisters (:
4.39150341012337E+017	196432610	Only music will make me happy!!!!!!
4.39148814025249E+017	196432610	I love to dance to Reggeton>>>>
4.38904132821213E+017	196432610	His dick was small, that all there saying.
4.4027949354283E+017	156036283	deseo acabar con todo...
4.40161332391059E+017	156036283	@quinti14 ouchh
4.40135783685829E+017	156036283	reaccióna encabronada como si el sueño fuese verdad ..jajajaja
4.39922528840982E+017	156036283	mis padres discutiendo quien grabo mejor el baile.. jajajaja
4.40330425232523E+017	156036283	@alexandrarosado el mio esta tan chaputeao que me da pena
4.4027949354283E+017	156036283	deseo acabar con todo...
4.40279227036729E+017	156036283	@NEWdanicsierra em que?
4.40165319995589E+017	156036283	@alexandrarosado @mememecaigo que? voy a morir! yo ni se como hacerlo! :'(
4.40161584581968E+017	156036283	@mememecaigo dime que eso no es para mañana y que es para el 5:(
4.4015720273807E+017	156036283	@quinti14 ouchh..como te lo doblaste?
4.40141155066724E+017	156036283	no poder ir a la playa porque no he terminado de estudiar me duele :/
4.40135783685829E+017	156036283	reaccióna encabronada como si el sueño fuese verdad ..jajajaja
4.39922528840982E+017	156036283	mis padres discutiendo quien grabo mejor el baile.. jajajaja
4.39922402227933E+017	156036283	@PMGA_ jajajajaaj mi papa hiso lo mismo!
4.39919718741598E+017	156036283	@colon_andre papi lo grabo en su cel
4.39916531775193E+017	156036283	mi tia llorando viendo el video esto no pasa
4.39914762923938E+017	156036283	sigo viendo el baile de nosotras y sigo llorando
4.39894334671163E+017	156036283	@vivivazq cuando no?
4.39882108656714E+017	156036283	@yandiaflandia vivi durmio como 18 ...
4.39849262936244E+017	156036283	¿vas hacer algo hoy?
4.39835674968355E+017	156036283	mil cosas que terminar y yo sigo aqui en mi cama esperando que de alguna manera se hagan ...
4.39835196524102E+017	156036283	como es posible que dormi tanto y quiero seguir durmiendo...
4.39833556706398E+017	156036283	dormí  15 horas ...
4.39564969987043E+017	156036283	este dia se me ha hecho eterno
4.39497682458255E+017	156036283	esta urbanisacion es enorme...
4.39380476026171E+017	156036283	que empieze ya!
4.39363343665889E+017	156036283	@saocopapi a mi tambien me dio! -.- voy a llorar!
4.39362951435522E+017	156036283	no hay nadie en la escuela todavia cual es proposito ....
4.39361461488747E+017	156036283	escondiendonos... JA!
4.39361289442562E+017	156036283	quiero café ahora!
4.39149594770166E+017	156036283	@esthimarie graciass:)
4.3914955802386E+017	156036283	@esthimarie oka
4.39149463824007E+017	156036283	@NEWdanicsierra como pagamos pal de $$$ por mañana yo no me lo quito:)
4.39147120743158E+017	156036283	@esthimarie ustedes pidieron las camisas exactas? pq mi mama se antojo de una ahora-.-
4.39132273397748E+017	156036283	"el rotulo del baño:""orine feliz,orine contento pero por favor orine adentro.."" :')"
4.39094623378891E+017	156036283	hoy me siento bien senior...
4.38903483451073E+017	156036283	me queje de las preguntas por dos horas...las termine en menos de media hora
4.38866981870371E+017	156036283	ni el header he hecho....
4.38666475126026E+017	156036283	por que me levante? -.-
4.3853666269227E+017	156036283	va tener un hijo...confrsion es mio!
4.38534002547233E+017	156036283	"pregunta del semestre:""para donde te vas a estudiar?"""
4.38533286273352E+017	156036283	este cielito lindo! :)
4.38531672330736E+017	156036283	no siento mis piernas-.-
4.38530666230452E+017	156036283	cuando se quito la camisa >>
4.38530306057191E+017	156036283	la gente que no fue por cobarde se lo perdio!
4.38425472960328E+017	156036283	@christ1226 uhh se ven cabronas:)
4.38145426198639E+017	156036283	@esangiecarajo lo que tu digas jajajaja
4.38142889160622E+017	156036283	"antes de comer:"" cállate no me hables,te odio"""
4.37750983863849E+017	156036283	@esangiecarajo yo?
4.37735487642796E+017	156036283	@vickybichawang jajaja yo se que es sm no es pa mi,pero queria contestar jajaajajaj
4.37730973812548E+017	156036283	no tener carro sokea
4.37641061713064E+017	156036283	@esangiecarajo embrace mis toterias jajaja
4.37631988552725E+017	156036283	normal
4.3762697285301E+017	156036283	@esangiecarajo te pasa!
4.37412248047587E+017	156036283	@esme1470 la indesición mata jajaj
4.37406705933361E+017	156036283	@esangiecarajo se sabe las canciones! JAAJAJ
4.37194400297677E+017	156036283	se me olvido que hoy yo trabajo...
4.37056375227945E+017	156036283	@Jdulzaides23 ahora quiero saber..
4.37052826691592E+017	156036283	@Jdulzaides23 no se supone
4.37008204019794E+017	156036283	@fabiolad_ruin hasta el caballo quiere de eso...
4.36988112649343E+017	156036283	@paolancc4 @vickybichawang jajaja te vas a reir! jajaja no te vi hoy:(
4.36819785738125E+017	156036283	no se si ir hoy ya que nadie me quiere llevar...
4.36679041618575E+017	156036283	@paolancc4 ya tengo set lo que vas a bailar en la entrada! verdad @vickybichawang  JAJAJAJA :'D
4.36678709949395E+017	156036283	@vivivazq @adrianadanner jajaja libertad pfftt que es eso?
4.36675631464858E+017	156036283	@fabiolad_ruin @colon_andre * yo dejo para la imaginacion ...
4.36673053242966E+017	156036283	@fabiolad_ruin @colon_andre habla claro a nadie le gusta usar pantalones...te impide tanto jajaja
4.36670168249668E+017	156036283	esperando por ti...
4.36320804415238E+017	156036283	mi cara esta tan roja como el emoji encabronado ...
4.35998419459777E+017	156036283	tengo que dormir pero no puedo
4.35993562447364E+017	156036283	mañana voy a estar todo el dia con sueño probablemente
4.3594200394446E+017	156036283	@natigvila se nota que ella es ciega jajajaj ella es un palillo
4.3592500955161E+017	156036283	deseo acabar con todo ya y dormir
4.35747788400652E+017	156036283	"@esangiecarajo: @arianaasalgado DÓNDE TU ESTÁS? !?!!!"" en mi cama desangrandome y estudiando.. creo que llego mas tarde hoy :/
435629875945537536	156036283	estoy demasiada confiada en que mañana no voy
435629405465874433	156036283	@alexandrarosado esta facil...yo lo que no hise fueron los dbq
435628854414438402	156036283	@alexandrarosado era un chistesito   obviamente leer no es una obsción ...
435627452669657088	156036283	@christ1226 es esta semana o la que viene?
435626810383302656	156036283	@pmva95 eso no hace sentido
435626612730888192	156036283	""@PattyB_14: Alguien hizo las preguntas de español ? "" ja! nop
435586851081297920	156036283	@alexandrarosado  yo la tengo a ultima JA .. envdd estoy dependiendo en que me dejen faltar yo no he hecho nada de nada
435583308152733696	156036283	@paolancc4 ya yo pregunte jajaj
435583112752672768	156036283	@PattyB_14 tu ya la hiciste?
435582539978526720	156036283	@PattyB_14 pffftt JA! yo no he llegado a mi casa:/ y son un cojon de ejercisios
435580610611257344	156036283	@paolancc4 @sarah6sofia9 del papel ese mañana lo hacemos en clase y igual cn el de apush
435555666850500608	156036283	@PattyB_14 JAJAJAJJ
435492340002988032	156036283	@mememecaigo @isatpc JA ese examen fue un chiste!
435489656332103680	156036283	@mememecaigo que si que!
435163087877197825	156036283	explicando todo con metáforas ...
435051584951947264	156036283	@esangiecarajo exacto jajajaa
435048538217922560	156036283	tengo mil cosas para adelantar y no tengo tiempo para hacerlas:'(
434766066431295488	156036283	@PattyB_14 @mememecaigo  todos ayer JAJAJA
434723628203409408	156036283	@esangiecarajo porquee?
434479245990313984	156036283	@mememecaigo de luto por hoy..#todossomosmartirio
434478391937757184	156036283	@esangiecarajo tiene un valentine y no soy yo :/ JA
434477181515730944	156036283	@mememecaigo siempre
434476979145158656	156036283	no quiero saber mas de azucar por un rato...
434152284499771392	156036283	@esangiecarajo yo!
433817644769497088	156036283	no se que sentir...
433808112517394432	156036283	@yandiaflandia en serio!tengo una migraña!
433798019709169664	156036283	este dolor de cabeza no me deja estudiar...
433797882177912832	156036283	No puede ser:D
433434654063230977	156036283	@christ1226 @esangiecarajo  quien te crees tu! mandandola a callar!a que te palto!
433432659713589249	156036283	@esangiecarajo lo sigo leyendo y me meo de la risa!
433429162489958400	156036283	@esangiecarajo tu foto me hiso el dia! jajaja
433429015764815872	156036283	una flor de papel .. JA!
433413146112688128	156036283	todos los dias es lo mismo...
se que te tengo que prestar atención,pero no ya esto se acabo no quiero más de ti. *dialogo con mis libros*
433068989577957376	156036283	@LoubrielClaudia jajajajajja
433061081763053568	156036283	@vivivazq @adrianadanner jajajajajaj infieres bien...
433057235489812480	156036283	@vivivazq @adrianadanner jajajaja pero a ella le quedo esa charreria...
433041261650788352	156036283	yo no estoy mentalmente preparada para decir donde voy a estudiar y vivir por cuatro años de mi vida
432551990229344256	156036283	en 3 meses ...
432299369954820096	156036283	""@mayarodriguez96: @arianaasalgado no tengo con quien salir mojona jajajajaja"" por esa misma hosyilidad no tienes con quien salir...jajaja
432298217855000577	156036283	@mayarodriguez96 jajajajaj
432297032834093056	156036283	@mayarodriguez96 vaga tu tienes carro... jajaja
432253026305187841	156036283	baño frío ahora mismo>>
432249642278203392	156036283	""@NEWdanicsierra: @vickybichawang el día que entienda tus tiraeras sería un día productivo"" jajajaja yo tambien quisiera saber de que hablas
432170994237988864	156036283	@esangiecarajo jajajajaja no fue el unico que me lo menciono...es como que ohh gracias no estaba conciente tu sabes porque no tengo espejos.
432146757490049024	156036283	@natl8 tiene poderes,te lo juro...
432032543681314816	156036283	hoy vi a mi nuevo amor platonico..
432032305407066112	156036283	me contaron cosas que no supero...
431951525695741952	156036283	odio el proceso de preparación
431949748929830914	156036283	ya llegue al punto de que ni tengo que preguntar ...
431945242044952577	156036283	@PattyB_14 para donde tu vayas hun! jaja no se ..para donde vamos?
431872254579073025	156036283	¿qué comer?
431553316318093312	156036283	""Picheale al gym,comete un mantecado..."
4.31547169687228E+017	156036283	"@mememecaigo: @arianaasalgado todavia estas picá"" bien cabron!
431389566977998848	156036283	me entere que hay tipo ahi que se copio de mi avi..:o que se cree?
431389321468608512	156036283	despues de ayer le cogí cosa a los guineos
431388483765407744	156036283	me quede dormida ayer no comi ni estudie...levantarme hoy no vale la pena
431387934676484096	156036283	""@aleeisaabeel: Bueno gracias al guineo de ayer no tengo falda para la escuela "" yo no tengo camisa limpia... jajaja
431379459623895040	156036283	@esangiecarajo  contestame!
431240929748328449	156036283	@p_cabrero jaajaja en serio? yo ahi siempre diciendo el nombre mal :/
431224905204785152	156036283	@esangiecarajo vamos a pichar y a irnos a desayunar!!
431134118282555392	156036283	@mememecaigo que paso?
431102550960766976	156036283	@natigvila me maltrato con un guineo -.-
431088842809303040	156036283	tengo el labio y mitad de la cara roja...
431088530363019264	156036283	Mi clase senior es especial...tirando guineos al abanico para ver que pasa! Resultado explota y me da en la cara:/
431088046214504449	156036283	GUINEO-FETA...JAJAJAJA me duele cc
431087718584815616	156036283	Me metieron con un guineo en la  cara! JAJAJAJJAJ
431029504451305473	156036283	""@mememecaigo: @arianaasalgado pobre de ti""por que?
430909382910414848	156036283	@quinti14 ANDAAA
430908778351833088	156036283	@vivivazq trae el pintaña y yo te las pinto...uno lindo porque yo tambien me las quiero pintar jajaja
430906764494520322	156036283	""vamos a faltarnos el respeto usando el alfabeto completo.."
4.30901229388972E+017	156036283	@saocopapi ohhh ya veo.. no entiendo lo que occurre todavia jajaajaj
4.3089568805906E+017	156036283	@saocopapi pregunta pendejisima pero ..todo bien?
4.30892429009371E+017	156036283	@esangiecarajo no. y no
4.30891892247515E+017	156036283	@esangiecarajo no me dejes sola-.-
4.30891763302035E+017	156036283	con las ganas de viajar
4.30882010198835E+017	156036283	llegue a un nivel nuevo de procrastinacion...
4.30878166400262E+017	156036283	@mememecaigo  JAJAJAJAJAJAJA
4.30848429204718E+017	156036283	@mememecaigo yo tambien le textie y me respondio super bella!
4.27512588646507E+017	156036283	las 0 ganas mia de no hacer nada de la escuela llego a un nivel que prefiero estar horas haciendo ejercisio que leer y estudiar....
4.27479735669907E+017	156036283	me levante temprano para estudiar,me quede dormida pensando en que me tengo que levantar...
4.27478179994157E+017	156036283	si tuviese un dollar por cada pagina que tengo que leer  ....
4.27241348811735E+017	156036283	@esangiecarajo ni idea!:/
4.27210899871765E+017	156036283	conversación controvercial
4.27153297813045E+017	156036283	@esthimarie fuiste sin mi despues que ayer hablamos de sushi -.- desconcideracion con tus compañeras de metal jajaj @vivivazq
4.27133769079067E+017	156036283	@sarah6sofia9 si sii es un deber!:)
4.2713297455625E+017	156036283	@DanielaMuns graciasd:) jajah
4.27127261490192E+017	156036283	@DanielaMuns SII me encanta tanto! voy a decir gracias pq me facina que a todo el mundo le cause risa y es ni vida en una foto!JAJAJ
4.27124508944638E+017	156036283	@fabsmarie2014 culeca porque tiene novio! como te van esas 15 horas de comprometida? JAJAJ
4.27100647637652E+017	156036283	tengo hambre y no hay absolutamente nada en mi nevera-.-
4.27100038343701E+017	156036283	@claudia_bea103 wow de las pocas que me entiende!
4.27069742223221E+017	156036283	@vivivazq nena aja!nos tomamos un cojon de fotos pq insistias que fueramos las de metal solamente JAJAJ
4.27064160036586E+017	156036283	no capto que todo fue por 1 ...
4.27063965982544E+017	156036283	la pizza nunca me falla ...
4.25788620830949E+017	156036283	La conversación de precol mas vale que continue! @mememecaigo @PattyB_14  @salim_rosa
4.25548842889925E+017	156036283	que dolor :(
4.25546603932701E+017	156036283	@CarolaNicole1 la ptimera no lo fue... mi cara si fue cosada jajaj
4.40152295204864E+017	432879040	Not Found
4.40055926641267E+017	432879040	Not Found
4.40022601868771E+017	432879040	Not Found
4.39993600776995E+017	432879040	Not Found
4.39985103821734E+017	432879040	Not Found
4.39955589402071E+017	432879040	Not Found
4.39865061775901E+017	432879040	Not Found
4.39857793965638E+017	432879040	Not Found
4.3981317824802E+017	432879040	Not Found
4.39446778207687E+017	432879040	Not Found
4.39435626539016E+017	432879040	Not Found
4.40533172707533E+017	28261811	Finally made a dental appointment.. While smoking a cigarette. Yay me
4.40449454827512E+017	28261811	FML. Of course now I'm super sleepy
4.40410536971235E+017	28261811	@Gibby424 join me haha
4.40174761079865E+017	28261811	Come on Real! Step it up
4.40162624496345E+017	196432610	I love this song (:
4.39853623388811E+017	196432610	@biittchmiko I should be there in an hour or less
4.39850208969503E+017	196432610	What the fuck is going on in my snapchat!!!
4.39829604727927E+017	196432610	Ayyyyyyyeeeeee!!!!
4.39638845189915E+017	196432610	Can I dance till I have no more energy left or???
4.39615454747705E+017	196432610	@biittchmiko I couldn't go, I'm going at 1
4.40367406456635E+017	344381749	Not Found
4.40313347309699E+017	270181505	I'm full now 
4.40375632770261E+017	418322879	Ya sabes mi bro arjona me gusta  @Abnerdm
4.40375453748953E+017	418322879	Can i take my pillow to work #Please 
4.40339807164568E+017	418322879	I hate the fact people get into my room and stuff start missing  #WTH
4.39605225591034E+017	418322879	"I highly recommend to go see ""SonOfGod"" it was just beautiful to hear God promises, such of an inspirational movie #PleaseGoWatchIt"
4.39529030862135E+017	418322879	Movie is about to begin #SonOfGod
4.39440206471504E+017	418322879	#SonofGod #PremiereToday and i gotta take a selfie in the teather #GirlsProblems
4.39437113352675E+017	418322879	God i really ask you for guidenesss ....
4.39436829024981E+017	418322879	I'm so sad , i need somebody to talk too.....
4.39289021336805E+017	418322879	I feel so sad  #GodPleaseGuideMe
4.39273063587131E+017	418322879	@Abnerdm Dile Hi from his favorite and best student STEPHANIE C  y que viva el America 
4.40198960804659E+017	382890691	I like thunders
4.39482472297144E+017	382890691	PuroDurangoCompa
4.39470749397447E+017	382890691	Amor de lejos, felices los cuatro.  
4.39470238950646E+017	382890691	I want to go homeee
4.39247096151945E+017	382890691	"Diria ""estoy feo pero estoy nalgon"" pero lo malo es que ni nalgas tengo"
4.39246469137068E+017	382890691	Im going to start to follow back
4.39096067615781E+017	382890691	Ima be taking 3 pre ap classes next year.
4.38437009963504E+017	382890691	My 7th period teacher played nortenas in class today
4.38010473636573E+017	382890691	I have Mr. Diaz as a sub today
4.3776299166926E+017	382890691	Them girls from Nuestra Belleza Latina tho>>>
4.37740250169745E+017	382890691	Si señor yo soy de rancho, soy de botas y a caballo, soy nacido y criado en el monte en barancas y brechas me la e navegado
4.3767607236547E+017	382890691	Fierro pa la flea market!
4.37391272202887E+017	382890691	Okay so our attempts of going to the gym today failed
4.37340513079816E+017	382890691	They're probably are going to make some badass corridos about el chapo
4.40348099513287E+017	437084426	Not Found
4.40341177095963E+017	437084426	Not Found
4.40329535943234E+017	437084426	Not Found
4.40329242987885E+017	437084426	Not Found
4.40328800719876E+017	437084426	Not Found
4.40328613549048E+017	437084426	Not Found
4.40308017272066E+017	437084426	Not Found
4.40307888209162E+017	437084426	Not Found
4.4030728592386E+017	437084426	Not Found
4.40357695975985E+017	364263613	There she goes. She finally caught on!
4.40347663708729E+017	364263613	@MissCela_ que fea eres! Lol
4.40079594201182E+017	364263613	Can't sleep!
4.40017667978584E+017	364263613	Then there are days where I'm not. Sometimes I want to explore the whole world in a night 
4.40017541679706E+017	364263613	Sometimes I'm okay with having a relaxing, chill day.
4.39910142151119E+017	364263613	@MissCela_ okay! :)
4.39910003172864E+017	364263613	@MissCela_ let's go!!!!!!!!!!!
4.39909907576279E+017	364263613	Come back to Houston already! :( lol
4.39909785727533E+017	364263613	Hoping she's having a great time in her retreat!
4.39504016897479E+017	364263613	@vale_hermoso you look pretty in your avi
4.39108434030768E+017	364263613	Finally a guest speaker that I enjoy and find helpful 
4.38942758732976E+017	364263613	But its a good JT song!!
4.03194053769978E+017	344381749	Not Found
4.40212372628591E+017	156036283	run when the rhythm is right
4.39919718741598E+017	156036283	@colon_andre papi lo grabo en su cel
4.39914762923938E+017	156036283	sigo viendo el baile de nosotras y sigo llorando
4.39894334671163E+017	156036283	@vivivazq cuando no?
4.39882108656714E+017	156036283	@yandiaflandia vivi durmio como 18 ...
4.39861094426083E+017	156036283	@claudia_bea103 nah. love you too!
4.40213385712398E+017	156036283	girls only say I hate you, to the guys that they love
4.40212372628591E+017	156036283	run when the rhythm is right
4.40161466952733E+017	156036283	Ill be the teacher,you can be the lesson
4.39861094426083E+017	156036283	@claudia_bea103 nah. love you too!
4.39833662172193E+017	156036283	@paolancc4 my song:')
4.39459002502906E+017	156036283	WE ARE THE CHAMPIONS
4.39363061896729E+017	156036283	YOU WILL NEVER BE ROYAL ;)
4.39095306723262E+017	156036283	beffas+beers+pool
4.38868181986595E+017	156036283	im too tired and too done to do anything
4.38530878520963E+017	156036283	what a lovely stranger
4.38427609379389E+017	156036283	I dont want to be crowned another price
4.38427400922497E+017	156036283	so walk on by,I got no reason to love you but I do...
4.38144041700839E+017	156036283	@esangiecarajo girl sustain your hormones. Jajajaaja
4.38120973909643E+017	156036283	dont shit where you eat 
4.38120764685181E+017	156036283	somethings are beyond my control
4.38120302779073E+017	156036283	who are you loyal to?
4.37735307031888E+017	156036283	@vickybichawang sorry.
4.37735028391293E+017	156036283	Sometimes when you loose,you win
4.37730858683093E+017	156036283	@vickybichawang thanks babe:')
4.37652146465411E+017	156036283	and after all you're my wonder wall
4.37638448166732E+017	156036283	da fuq is happening...
4.37422282676662E+017	156036283	Peach shnapps,babes love it
4.37396510456566E+017	156036283	too many options... I cant take it the pressure
4.37384641662947E+017	156036283	@esangiecarajo well duh!
4.37301004217119E+017	156036283	looking back never helps
4.370553267065E+017	156036283	@Jdulzaides23 stoker problems?
4.37028124598239E+017	156036283	you are to good
4.36819204873146E+017	156036283	over slept...
4.36676044108874E+017	156036283	@esangiecarajo oh there you are
4.35993341113958E+017	156036283	hyperness
4.35987811616186E+017	156036283	I just hate how much I love you
4.35748020756677E+017	156036283	@esangiecarajo liar
4.35630468789441E+017	156036283	@christ1226 im completely informed now :)
4.35630343648182E+017	156036283	@christ1226 ahh ok
4.35581735817204E+017	156036283	@paolancc4 skipping school seems promising tomorrow...
4.35517444346884E+017	156036283	@mememecaigo its so much shit though
4.34154083478274E+017	156036283	I don't need you,but I want you
4.33773518560719E+017	156036283	never leaving this bed
4.33433078174736E+017	156036283	@PattyB_14 whyy?
4.33426708973093E+017	156036283	my darling, stand by me
4.33068344527581E+017	156036283	interested, but you cant suspect a thing ...
4.33064699761275E+017	156036283	almost is never enough...
4.32724498161615E+017	156036283	Ok.
4.32167123092517E+017	156036283	We've been strangers ever since we fell apart...
4.31949555954111E+017	156036283	@PattyB_14 ok ill see you there...
4.31893838219997E+017	156036283	frozen yogurt #fuckyeah
4.31631696556225E+017	156036283	you make it real for me..
4.31628164369244E+017	156036283	@esangiecarajo ok:/
4.31248537645359E+017	156036283	trying to corrupt me,its working -.-
4.31239954371338E+017	156036283	fuck it
4.31222290429534E+017	156036283	ACCEPTED
4.31206513135616E+017	156036283	fine.
4.31203279197192E+017	156036283	take a hint
4.30827244169462E+017	156036283	I need you to be my stress reliever...am i asking for too much?
4.30819334907118E+017	156036283	crawling back to you
4.30775694969553E+017	156036283	Something's going on,let me smell d**k
4.2926298492674E+017	156036283	brain dead
4.27219053149954E+017	156036283	Don't you worry about me,ima be ok ...ima do my thang
4.27218882412442E+017	156036283	pass that s** around
4.25793381541761E+017	156036283	for a moment everything just stops,i get lost
4.40445400231592E+017	21327323	i should leave now cuz i have to stop and get gasolina
4.4033844396125E+017	21327323	when i die, i dont want anyone to be sad, i want you all to smile knowing that i am in heaven piggin out lol. im proud of the life ive lived
4.40336320582267E+017	21327323	am i the only one who thought about BOY MEETS WORLD during the singing of that song???
4.4033533689636E+017	21327323	people dont appreciate what you do for them until you stop doing it......bout to slam on these breaks
4.40334527496348E+017	21327323	Paul Walker is gonna be shown and the world will cry again
4.40331931448656E+017	21327323	sometimes you have to realize that as much as you want certain people in your life, if they dont want to stay in it, you gotta let them go
4.40331649297818E+017	21327323	if you want to view paradise, simply look around and view it, anything you want to, do it, wanna change the world? there's nothing to it
4.40329666415444E+017	21327323	curiosity killed the cat
4.40325108066812E+017	21327323	are all the award winners supposed to say something about dreams becoming reality?
4.40322505543135E+017	21327323	my dinner > my face......guess i should have plastic surgery to make my face look like a plate of arroz con habichuelas to be more appealing
4.40515342582833E+017	437084426	Not Found
4.40330079583732E+017	437084426	Not Found
4.40329583926067E+017	437084426	Not Found
4.40298464207843E+017	76523773	Tenia mucho tiempo que no me sentia asi 
4.40296727254299E+017	76523773	What a great sunday 
4.39968620056044E+017	76523773	Not Found
4.39773874880672E+017	76523773	Al final todo baldara la pena
4.39543634833052E+017	76523773	 feeling so tired
4.38886706612154E+017	76523773	 porque no me gustan Los rides
4.38815474713756E+017	76523773	2 more day 2 more day 
4.38477717986501E+017	76523773	No No sugar  no cookies
4.38292620352041E+017	76523773	You are BEAUTIFUL 
4.38165472672879E+017	76523773	I need my stress relief from Sunday 
4.38160278790754E+017	76523773	Am just so tireddddd 
4.37333513985983E+017	76523773	Now i want to go to Cali  mmmm
4.40353539965985E+017	390972915	Lana del rey rn 
4.40014735757427E+017	390972915	
4.39577928612184E+017	390972915	
4.39219369600893E+017	390972915	
4.38550740580057E+017	390972915	K
4.38493793453896E+017	390972915	@JimmyEsqueda @shakira 
4.38180339987775E+017	390972915	@JimmyEsqueda 
4.38174789317169E+017	390972915	@JimmyEsqueda jijijiji 
4.38174144480686E+017	390972915	@JimmyEsqueda awwws 
4.38171805711602E+017	390972915	@JimmyEsqueda 
4.38169380778934E+017	390972915	@JimmyEsqueda iuuuuuu 
4.38136245588607E+017	390972915	@JimmyEsqueda uh yaaaaas 
4.38058592202408E+017	390972915	@JimmyEsqueda hmm 
4.3764422940665E+017	390972915	@JimmyEsqueda hahaha 
4.3744632255651E+017	390972915	
4.37437044110143E+017	390972915	@JimmyEsqueda 
4.36491148857979E+017	390972915	
4.35196230906302E+017	390972915	:(
4.33357435961483E+017	390972915	
4.32955719923802E+017	390972915	
4.32737424033468E+017	390972915	
4.32429579060666E+017	390972915	
4.32277109395178E+017	390972915	
4.32043598524457E+017	390972915	
4.31521207826285E+017	390972915	
4.31260357639037E+017	390972915	@JimmyEsqueda 132 :ooo
4.31180600763249E+017	390972915	@JimmyEsqueda 
4.31116540688474E+017	390972915	
4.30551963395047E+017	390972915	@JimmyEsqueda haha pari har
4.29733878937711E+017	390972915	@JimmyEsqueda 
4.29711815833309E+017	390972915	@JimmyEsqueda uff 
4.29454084505338E+017	390972915	@JimmyEsqueda 
4.29453672616305E+017	390972915	@JimmyEsqueda 
4.29289008758526E+017	390972915	@JimmyEsqueda 
4.2928805965464E+017	390972915	@JimmyEsqueda 
4.40375207367557E+017	418322879	@Abnerdm de la misma chava???
4.40355167527899E+017	418322879	I need strenghts for my daily walk ....
4.40340497123402E+017	418322879	DONT LIE TO ME  #backofme
4.39514004432491E+017	418322879	I got 96 in my test #purocerebro
4.39513655315411E+017	418322879	Nike is making some pretty kiks #ilovethem
4.39273479443984E+017	418322879	@Abnerdm Call me dude
4.39272474996273E+017	418322879	@Abnerdm Puesi es verdad a esa baina nunca le entendi
4.39272180136673E+017	418322879	So my boss is taking me to the airport #GodBlessHisSoul 
4.40475965710279E+017	390972915	@juan38173649 me avia asustado xD
4.40367471120249E+017	390972915	@juan38173649 wei tirastes la caja de cigaros oh los dejastes en la troka ?
4.40356122830963E+017	390972915	Off to sleep 
4.40353665153384E+017	390972915	@JimmyEsqueda yes haha 
4.40353337259471E+017	390972915	@JimmyEsqueda hahahahahahahhaha 
4.4035304376304E+017	390972915	Will you still love me when im not longer young and beautiful ?
4.40351888894988E+017	390972915	@JimmyEsqueda i know i want to go pero aver que 
4.40356122830963E+017	390972915	Off to sleep 
4.40353665153384E+017	390972915	@JimmyEsqueda yes haha 
4.40353337259471E+017	390972915	@JimmyEsqueda hahahahahahahhaha 
4.4035304376304E+017	390972915	Will you still love me when im not longer young and beautiful ?
4.40352831564825E+017	390972915	@JimmyEsqueda i cant im not like that 
4.403527510929E+017	390972915	The silly days, the way you play with me like a child 
4.40350160606868E+017	390972915	"I put ""je"" instead of ""he"" #mexicanproblems "
4.40349314586382E+017	390972915	@JimmyEsqueda and i guess thats why he loves me so much and because i can drive ....
4.40349125872071E+017	390972915	I prefer talking to you than sleeping you must feel very special 
4.40347085011833E+017	390972915	@JimmyEsqueda no he hates me but i dnt like him
4.40342066384491E+017	390972915	@JimmyEsqueda yes it broke my heart cause rigito doesnt wanted me to leave him  omg thats the saddest thing ever 
4.40341700783772E+017	390972915	@JimmyEsqueda next time i see him i will 
4.40341387389575E+017	390972915	@JimmyEsqueda i know  but i already blocked myself lol i should of block you also 
4.40341179683447E+017	390972915	@JimmyEsqueda and that alsoo 
4.40340312725013E+017	390972915	@JimmyEsqueda hahahahahahaha you would of flip me off also 
4.4033996898501E+017	390972915	@JimmyEsqueda hahaha why
4.40338777643287E+017	390972915	@JimmyEsqueda yes but i swear i thought it was you  thats why i honked 
4.40338260263715E+017	390972915	Tell me that you love me 
4.40338193364161E+017	390972915	@JimmyEsqueda hahahahahahajah NOOOOO his face was priceless 
4.40236834392527E+017	390972915	@ChrisWallace101 #ManCrushEveryDay 
4.40231398016688E+017	390972915	So bored can it be six already 
4.40183028095001E+017	390972915	So where he goes i follow follow oh 
4.39982549217976E+017	390972915	But just because it burns doesn't mean your gonna die, you got to get up and try 
4.39866683096695E+017	390972915	@StarleenVida i agree with you for the first time but its cause i have VERY HIGH STANDARDS 
4.39815101097325E+017	390972915	That breakfast hit the spot <3
4.39682810493039E+017	390972915	Goooooodnight
4.39648000277627E+017	390972915	@JimmyEsqueda #feelingthesnaps
4.39644917888201E+017	390972915	@JimmyEsqueda #feelingtheass 
4.39644300125958E+017	390972915	@JimmyEsqueda #feelingthesatisfaction 
4.39643602973905E+017	390972915	@JimmyEsqueda #feelingthesight
4.39639308551864E+017	390972915	@JimmyEsqueda #feelingthelove 
4.39638007055135E+017	390972915	Fuck you thats why 
4.39637778952118E+017	390972915	@JimmyEsqueda i adore you 
4.39626948349018E+017	390972915	I love the way you lie 
4.39503207740752E+017	390972915	So boreddd
4.39478701148095E+017	390972915	“@BestTextMsgs: The worst feeling is when something is killing you inside, and you have to act like you don't care.”
4.3947858189566E+017	390972915	“@BestTextMsgs: Even if I had a million reasons to leave you, I would still look for one to stay.”
4.39439086252986E+017	390972915	Baby do you dare to do this? 
4.39219876864229E+017	390972915	I just cant seem to stop thinking about him 
4.39219328559645E+017	390972915	Are you gonna stay the night?
4.39219281570841E+017	390972915	“@samantha662327: GOD ALWAYS GIVES YOU THAT EXTRA LITTLE HINT TO LET YOU KNOW WHO YOUR REAL FRIENDS ARE !” Theirs no real friends bby 
4.39219247521481E+017	390972915	It was good to know that my friends and TEACHERS missed me  #greatdayatschool
4.3921881820509E+017	390972915	I haven't tweeted in a looooong time wtf?
4.39123703167996E+017	390972915	@ChrisWallace101 i love you babe
4.38896213174141E+017	390972915	I can't seem to find peace
4.38883670410396E+017	390972915	"“@LovePhrase: ""I'm okay"" is a girl's biggest lie.”"
4.38883356936524E+017	390972915	I named both of his eyes forever and please dont go
4.38549315976708E+017	390972915	I fucking will (;
4.385491994921E+017	390972915	They say count your blessings now before their long gone I guess I just didn't know how
4.38547948809364E+017	390972915	STFU bitch .l.
4.38546506618921E+017	390972915	And I will swallow my pride :,(
4.38546016451564E+017	390972915	I miss him so much :'( #staystrong
4.38507738658648E+017	390972915	Feeling like a fool for trying
4.38500931324641E+017	390972915	You keep on lying to me 
4.38495654483337E+017	390972915	Almost a month for my BIRTHDAY  
4.38492360503071E+017	390972915	@JimmyEsqueda @shakira answer my call :(
4.38490815653224E+017	390972915	@JimmyEsqueda yeap
4.38490049991414E+017	390972915	@JimmyEsqueda you are but not to everybody 
4.38479965160342E+017	390972915	@JimmyEsqueda shut up -.- xD
4.38478838981349E+017	390972915	@JimmyEsqueda oh okay .-.
4.38478403805536E+017	390972915	@JimmyEsqueda I don't like that song :o
4.38426577299575E+017	390972915	I just realized my tiny crush looks like my ex #fail 
4.38423757032809E+017	390972915	Dont leave me now, dont say goodbye 
4.38421750494527E+017	390972915	Refuse to sink 
4.38417602457895E+017	390972915	Trying hard not to get into trouble but i got a thing in my mind #justRIDE
4.38413587313213E+017	390972915	@JimmyEsqueda :O don't say it thru here :*
4.38408972656075E+017	390972915	@JimmyEsqueda woahhhhh cx
4.38401131098943E+017	390972915	Drivers ed at 5 pm  2 hrs of observation and im fucking done 
4.38373069141185E+017	390972915	Craving a shake or a frappe :(
4.38372803184558E+017	390972915	@JimmyEsqueda ha ha ha you wish !
4.38180340012958E+017	390972915	“@jennatalie4: the best friends that i've had fucked me over.”
4.38178357482906E+017	390972915	@JimmyEsqueda u dnt t3ll m3hh w@tt ttO dO 
4.38175997805212E+017	390972915	@JimmyEsqueda oh yaaaas i did bissh
4.38175774282383E+017	390972915	@JimmyEsqueda hahahahaha dude you crack me up 
4.38175692501832E+017	390972915	@JimmyEsqueda to bad so back off you bishh
4.38174712850813E+017	390972915	@JimmyEsqueda noooo i meant your nipple hair 
4.38173239094018E+017	390972915	@JimmyEsqueda you where no competition 
4.3817284441002E+017	390972915	@JimmyEsqueda hahahaahahah did you shaved the hairrr 
4.38172062168138E+017	390972915	@JimmyEsqueda so cute 
4.38166122098344E+017	390972915	@JimmyEsqueda he just takes off 
4.3814605937918E+017	390972915	@JimmyEsqueda umm the walls 
4.38138526056841E+017	390972915	@JimmyEsqueda im thinking the weather and hahahahahahahahaha fuck you 
4.38138386038411E+017	390972915	@JimmyEsqueda hes like a bby lol he always crys when i leave him and i dont like to leave him inside cause i loose him 
4.38137941316342E+017	390972915	“@ItsLifeFact: Life is a dick, sometimes it gets hard for no reason.”
4.38137617931305E+017	390972915	@JimmyEsqueda shut up and its your lucky night cause im about to shower 
4.38136965201158E+017	390972915	@JimmyEsqueda YYAAAAAAAAAAAAAAAAAAAAAAAAAS! but hes gonna bite you 
4.38136752545735E+017	390972915	@JimmyEsqueda she believed me and she also said wtf LOL 
4.38135535153213E+017	390972915	@JimmyEsqueda  its red  lol
4.38132998299738E+017	390972915	@JimmyEsqueda oh 
4.3813282171954E+017	390972915	@JimmyEsqueda  you are hot....
4.38132715016438E+017	390972915	My brother doesn't answer my face time call
4.38132141852217E+017	390972915	@JimmyEsqueda haha your awesome -er  
4.38116066355843E+017	390972915	Im fucking crazy 
4.38058744610824E+017	390972915	I wont go to school till thursday YAAAAAAAAS
4.37961676386607E+017	390972915	@GarciaLeyli16 really xD
4.37823076827681E+017	390972915	I think a part of me will always be waiting for you 
4.3782247331346E+017	390972915	#night 
4.37821331468726E+017	390972915	@JimmyEsqueda hahahaha  but its normal 
4.37815477633814E+017	390972915	Your hot and your cold your yes and your no 
4.37803211848954E+017	390972915	@JimmyEsqueda its so romantic 
4.37801551478784E+017	390972915	@JimmyEsqueda I love it
4.3780016623439E+017	390972915	No school for me Tommorow cx
4.37796033779606E+017	390972915	@LovePhrase: I really really wanna kiss you.
4.37786543302799E+017	390972915	My room is cold and dark *.* <3
4.37758893729399E+017	390972915	It's amazing how your bestfriend can become a stranger by the next day :/
4.37660457558901E+017	390972915	@JimmyEsqueda yes it still works 
4.37648338247508E+017	390972915	@JimmyEsqueda you can even download movies in this app
4.37643570489877E+017	390972915	@JimmyEsqueda i tube my bad
4.37642203280982E+017	390972915	@JimmyEsqueda yeeeeees
4.37634633212371E+017	390972915	“@ItsLifeFact: It's so hard not talking to you.”
4.3763362943574E+017	390972915	“@melaniepalma22: I really wish that dream was real. ”
4.37633188589224E+017	390972915	I feel so bad  #mydreamseemsoreal 
4.37632873555055E+017	390972915	@JimmyEsqueda morning 
4.37480282623857E+017	390972915	@JimmyEsqueda im in love with all your little things 
4.37479191777645E+017	390972915	@JimmyEsqueda omg but i do and thats all that matters 
4.3747881920181E+017	390972915	@JimmyEsqueda i luv ur voice 
4.3747868426686E+017	390972915	Church tomorrow
4.37478092987433E+017	390972915	@JimmyEsqueda its a beautiful song 
4.37475408523854E+017	390972915	@JimmyEsqueda welcome
4.37474866389086E+017	390972915	@JimmyEsqueda no its not its perfect 
4.37474716702761E+017	390972915	@JimmyEsqueda well i love your smile more 
4.37474134457856E+017	390972915	@JimmyEsqueda noooooo hahahahah wtf im still innocent
4.37473568159724E+017	390972915	@JimmyEsqueda just being honest  and its a good pose you came out perf 
4.37470940889621E+017	390972915	Its a yes or a no , no maybe
4.37470744847847E+017	390972915	Yolo
4.37454351821722E+017	390972915	@JimmyEsqueda aww cuties and it so annoying 
4.37452828022673E+017	390972915	@JimmyEsqueda thankyou 
4.37443187393962E+017	390972915	@JimmyEsqueda only for you 
4.37440520131207E+017	390972915	@JimmyEsqueda okay dude i trust you 
4.3738139695777E+017	390972915	Will you still love me when I'm no longer beautiful and young , i know you will 
4.37357295090278E+017	390972915	#ratchetmileysweat ! @ratchetclothing + @Mileycyrus 
4.37277672175972E+017	390972915	And when you're needing your space to do some navigating ill be here patiently waiting to see what you find '88
4.37070293757329E+017	390972915	@StarleenVida hahahahahaha naa im good man monday is not a good day 
4.36900190197666E+017	390972915	Ill do anything for that boy 
4.36708268074095E+017	390972915	3 following days absent and it feels like a whole month  #toomuchhomework 
4.36660717996241E+017	390972915	@JimmyEsqueda if you do bring your i phone charger 
4.36659754778518E+017	390972915	@JimmyEsqueda hahahah 8
4.36659499009855E+017	390972915	@JimmyEsqueda theatre and haha yes theirs one random guy here lol im so bored 
4.36540108612059E+017	390972915	@JimmyEsqueda hahahahah ewwww 
4.3651243902344E+017	390972915	I need your love 
4.36343354834821E+017	390972915	@JimmyEsqueda i should of right  but i was in 6th grade i think :/
4.36340504058671E+017	390972915	@JimmyEsqueda hahaha they didnt let me purchase one at the mall they said i needed to be 18 
4.36335285782462E+017	390972915	@JimmyEsqueda hut what if the guy is a bitch  what if he smells what if he wants meee 
4.36322439736611E+017	390972915	“@FrankyJuarez11: You're Still The One I Adore..”
4.36318984909378E+017	390972915	@JimmyEsqueda no you didnt and ugh me too but im too lazy to take it and my dad is pressuring me 
4.36313848371765E+017	390972915	@JimmyEsqueda well me neither lol and i dont think so were not going out of state but take your id just incase ill take my permit lol
4.36311167389422E+017	390972915	@JimmyEsqueda well i don't know sometime soon like in summer or spring break when you and i dont have school 
4.36310608339034E+017	390972915	@JimmyEsqueda hahaha were riding a busthey charge 20 lol
4.36228165279949E+017	390972915	Me against them,me against enemies, me against friends somehow they all seem to become ONE  
4.36222926489407E+017	390972915	I wont give up on us 
4.36213098262065E+017	390972915	@JimmyEsqueda hahaha really 
4.36137492275036E+017	390972915	@JimmyEsqueda haha yeah but oh well they can keep on barking and im sorry they brought you in to this which is a really imature fight 
4.36136910134993E+017	390972915	@JimmyEsqueda yes i know thankyou for everything 
4.36136237175685E+017	390972915	@JimmyEsqueda eventually i will 
4.35987909368627E+017	390972915	Whaaaaaaat now?
4.35827241562702E+017	390972915	@GarciaLeyli16  hahahaha
4.35822494365549E+017	390972915	Keep on barking bitchh!
4.35775903457903E+017	390972915	We not yet lost all our graces 
4.35478428637467E+017	390972915	“@IifeprobIems: I liked you... My mistake.”
4.35270566241915E+017	390972915	One day your here, one day your there , one day you care 
4.35128106706538E+017	390972915	“@IifeprobIems: I hate getting flashbacks from things I don't want to remember.”
4.35125966021886E+017	390972915	Dreaming about a person makes you miss them even more 
4.3492456011137E+017	390972915	Ain't worrying bout non 
4.3492342438196E+017	390972915	Excited for tomorrow #seeingmybestfriend YAAAAAAAAAS
4.34923012291559E+017	390972915	Baby your a mess but its meant to be cause you keep me crazy 
4.3488738305065E+017	390972915	Hahahahaha wtf 
4.34887296144667E+017	390972915	Nipple piercings 
4.34883880634835E+017	390972915	I don't expect anything from no one because everyone in this world has disappoint me 
4.34882915089252E+017	390972915	But when i fell hard you took a step back WITHOUT me
4.34793529567904E+017	390972915	You better kiss me before the lights turn off
4.34760259853648E+017	390972915	Seems like yesterday we running down town together 
4.34759087717614E+017	390972915	I have no plans for today  #wats
4.34758556383183E+017	390972915	@JimmyEsqueda  thankyou  and no it will be like a hobby i want to be a nurse or a dentist  hahahaa
4.34758181248856E+017	390972915	Hate waking up early for the past two hours ive been trying to take a nap
4.3475788211526E+017	390972915	@JimmyEsqueda ahh hahahaha thankyou and i loved it 
4.3475661379131E+017	390972915	You're mine #lovethissong 
4.34756274971234E+017	390972915	@JimmyEsqueda hahahahaha yes once a week 
4.34755560228266E+017	390972915	@JimmyEsqueda nose dude were like so unorganized we wont even have clinics but ill remember to tell you 
4.3475424252475E+017	390972915	Hahahaha i have popcorn in my boobies from last night  omg #lol
4.34753736612016E+017	390972915	“@IifeprobIems: Parents notice your fake friends before you do.”
4.34753057591931E+017	390972915	Im craving apple bees 
4.34752829954466E+017	390972915	@JimmyEsqueda haha wooh 
4.34752465708143E+017	390972915	I'm starving :(
4.34751989050651E+017	390972915	@JimmyEsqueda march 25
4.3473292491178E+017	390972915	You made me feel like our love will never end 
4.34730840397193E+017	390972915	I ran away from my house last night and my dad found me 
4.34599397276811E+017	390972915	How can i forget? Babyyy we were the best
4.34598928328454E+017	390972915	I cant seem to live without your love 
4.34584483476816E+017	390972915	It's a quarter after one im a little drunk and i need you now 
4.34584114654888E+017	390972915	And i wonder if i ever cross your mind 
4.34499025690038E+017	390972915	Ugh I want to see endless love :(
4.34199321274499E+017	390972915	3 days missing school anddd im loooooooving it 
4.34107510241239E+017	390972915	@iadorewomen_: I'll ignore every one of them because I only want you.
4.3399195838278E+017	390972915	At least i have one friend 
4.33977185636868E+017	390972915	Making new friends in the hospital :D
4.33953725351092E+017	390972915	@TheLifeDiaries: Never play with a female's feelings.
4.33757384654483E+017	390972915	@alexisjasmine12 me neither only well yaaaaas yaaaaas i love coffe
4.3374577700624E+017	390972915	@alexisjasmine12 augh its the best coffe ever 
4.33743908137619E+017	390972915	Fuck you
4.33743864562999E+017	390972915	Everybody lies.
4.33743441802306E+017	390972915	#sorrynotsorry
4.3374337853542E+017	390972915	Im tweeting while im in the restroom 
4.33743205117743E+017	390972915	Everyone in 4th pd saw me crying 
4.33742980063953E+017	390972915	Chocolate covered strawberry frappe is the shit 
4.33663702601318E+017	390972915	Home alone 
4.33601010054226E+017	390972915	Missing him is part of moving on 
4.33060616299766E+017	390972915	@ChrisWallace101: Because the night belongs to lovers. Because the night belongs to us 
4.32681714461442E+017	390972915	“@TheLifeDiaries: Nobody deserves to be treated like an option.”
4.32566962850255E+017	390972915	Ciggars on ice 
4.32441695633162E+017	390972915	I give up GOODNIGHT! 
4.32438516359127E+017	390972915	I even fell for that stupid love song 
4.32436895281582E+017	390972915	Yeah you PMS (put much shit?)  like a bitch i would know 
4.32436309018567E+017	390972915	You change your mind like a girl changes clothes 
4.32435674797863E+017	390972915	ill rob and ill kill her  to keep him with me  ill do ANYTHING for that boy 
4.32433060542698E+017	390972915	Only know you love her when you let her go 
4.32432734750138E+017	390972915	Lonely im ms. Lonely i have nobody for my own 
4.32432436405092E+017	390972915	Never reached 14k 
4.32432339067888E+017	390972915	Thought it was true love but you know man lie 
4.32430587732034E+017	390972915	Your not going to find a girl who loves you more than me 
4.32430464503398E+017	390972915	"Your gonna miss me baby hate to tell you "" i told you so"" "
4.32429743506723E+017	390972915	Your the one that i love and im saying goodbye 
4.32429533934146E+017	390972915	Im sorry i couldn't get to you
4.32429372147245E+017	390972915	Forever crying 
4.32429316597883E+017	390972915	This song always gets to me 
4.32429251602969E+017	390972915	Say something im giving up on you 
4.32429138620977E+017	390972915	OOOOOMMMMMMGGGGGG
4.32429076046172E+017	390972915	Its not even my birthday but i want to lick your icing off 
4.32428356509106E+017	390972915	I used to want you so bad , im soooooooo through with that 
4.32428093035545E+017	390972915	 LUV DIS SONG! #bestthingineverhad 
4.32427929453462E+017	390972915	You turned out to be the best thing i never had 
4.32427821953483E+017	390972915	Thank god you blew it
4.32427699542721E+017	390972915	What goes around comes back around my baby 
4.32426933541159E+017	390972915	Loving you darling makes me so confused 
4.3242661279436E+017	390972915	There goes my baby 
4.32426273567429E+017	390972915	Or do you not think so far ahead ?
4.32424857176142E+017	390972915	The more i swear im happy the more that im feeling alone 
4.32423878573687E+017	390972915	Some people want it all but i don't want nothing at all if i don't got you baby 
4.3242044444955E+017	390972915	No im not lucky, im blessed 
4.32417521325838E+017	390972915	Don't say no no no just say yes yeah yeah 
4.32417196355367E+017	390972915	Its a beautiful night were looking for something dumb to do 
4.32416896601031E+017	390972915	My life its kind of boring is something i can confess 
4.32416171129074E+017	390972915	Talking loud .. Not saying much 
4.32412774531342E+017	390972915	Maybe i know somewhere deep in my soul that love never last 
4.32412412747452E+017	390972915	I promised ill never sing of love if it does not exist but darling you are the only EXCEPTION 
4.32406718900081E+017	390972915	But i don't think i need you
4.32404445318906E+017	390972915	Cause you really hurt me 
4.32404289102029E+017	390972915	And why you have to go? Have to go and threw water into my flame 
4.32403971702288E+017	390972915	Once upon a time we burning bright and all we ever seem to do is fight on and on and on 
4.32401745608995E+017	390972915	No apologies, he'll never see you cry pretends he doesn't know that he's the reason why your drowning 
4.32307116062569E+017	390972915	Bought my daddy his birthday gift already
4.32306541803622E+017	390972915	Finally home 
4.322854950294E+017	390972915	So sleepy 
4.31933948135244E+017	390972915	“@JimmyEsqueda: Take me as I am, or watch me as I go.”
4.31831058603311E+017	390972915	I wish my heart was always on his mind cause he's on mine like all day all the time  #sayyoulikeme
4.31636162680463E+017	390972915	We can learn to love again?
4.31630714107621E+017	390972915	This weather just makes me sleep sleep and sleep 
4.31287645885723E+017	390972915	Nevermind.....
4.31257057044758E+017	390972915	@JimmyEsqueda yes but the tickets are so expensive
4.31253631162008E+017	390972915	@JimmyEsqueda  Jajajajaja I luv her
4.31252782654693E+017	390972915	@JimmyEsqueda yes you do -.-
4.31246660786979E+017	390972915	but I don't think I need you
4.31233950514569E+017	390972915	@JimmyEsqueda :oo TWIN!
4.31201067792339E+017	390972915	@JimmyEsqueda #superduperexcited
4.31199333233726E+017	390972915	@JimmyEsqueda #excited 
4.30911363100058E+017	390972915	Forever crying ...
4.30850077087642E+017	390972915	Baby kiss me before the light goes off
4.30837983005393E+017	390972915	Were higher than a moderfaka 
4.30828399947682E+017	390972915	@stsegura has a lesbian crush on me 
4.30828059621876E+017	390972915	@JimmyEsqueda tears 
4.30822652882612E+017	390972915	I love you like xo
4.30822061150196E+017	390972915	@JimmyEsqueda hahaha yes at tribar 
4.30820811822223E+017	390972915	@JimmyEsqueda hahahahaha true true ...
4.30690045746364E+017	390972915	And baby even on our worst I'm into you!
4.30554075470381E+017	390972915	@JimmyEsqueda hahaha their so funny but we dance so hots
4.30551754023768E+017	390972915	@JimmyEsqueda HAHAAHA eh eh eh I came in like a wrecking ball tss tss cx
4.30550777396875E+017	390972915	@JimmyEsqueda THAT'S MY JAM!
4.30499084072653E+017	390972915	Tell me you love me and everything is alright  @ChrisWallace101
4.30359479134065E+017	390972915	because what you did ill never forget!
4.30353841864073E+017	390972915	I'll do anything for that boy 
4.3032691012864E+017	390972915	@genesisnaomi7 yes at the junior high
4.30168744598725E+017	390972915	Fuckyou quiz up
4.30147046751076E+017	390972915	But im not going to ever get over you 
4.30083085166998E+017	390972915	Finally home 
4.30053552632136E+017	390972915	@JimmyEsqueda okay :)
4.30052292872917E+017	390972915	@JimmyEsqueda like 1:30 or 2?
4.30047682217132E+017	390972915	I always get lost while buying food I think my dad is doing it on purpose -.- :c #lost
4.30042388258517E+017	390972915	Shot I got lost again
4.2983946006313E+017	390972915	Movie night et. My mommy <3 #Safe heaven #typicalsaturday
4.29733995631612E+017	390972915	@gali_dominique i love youuu
4.2972828790111E+017	390972915	@JimmyEsqueda yuummm 
4.29721589568262E+017	390972915	But when you look at you the  only memory is us kissing in the moon light 
4.29720932752835E+017	390972915	I keep forgetting i should let you go... 
4.29720823449285E+017	390972915	I cant remember to forget YOU 
4.29720713847923E+017	390972915	I'll rob, and i'll kill her to keep him with me ... I'll do anything for that boy 
4.29720318903861E+017	390972915	He's a part of me now so where he goes i follow i follow
4.29719944897765E+017	390972915	@JimmyEsqueda oh my goooood
4.29711725890638E+017	390972915	@JimmyEsqueda it is 
4.29711188814234E+017	390972915	@JimmyEsqueda OFCOURSE   its about us 
4.29711009872642E+017	390972915	@JimmyEsqueda hahaha thid app is so fun 
4.29710800186798E+017	390972915	@JimmyEsqueda @Flipagram its so funny  & love you too 
4.29705595440992E+017	390972915	@JimmyEsqueda hahahahaha XD
4.29688528478274E+017	390972915	@JimmyEsqueda  hahahaha your such a good mother
4.29682301769757E+017	390972915	@JimmyEsqueda  hahahahaha it's too funny
4.29448336165593E+017	390972915	@JimmyEsqueda @ChrisWallace101 hahahahahahahahah oh mygoddd
4.29446886509269E+017	390972915	@JimmyEsqueda @ChrisWallace101 because of youu
4.29445315679515E+017	390972915	@JimmyEsqueda @ChrisWallace101 me tooo 
4.29444785888575E+017	390972915	@JimmyEsqueda @ChrisWallace101 im very disappointed
4.29444164988973E+017	390972915	@JimmyEsqueda @ChrisWallace101  hahahahahaha stop being depressed  but its so unfair for us wallies that @ChrisWallace101 didnt reply to us
4.29443230007329E+017	390972915	@JimmyEsqueda @ChrisWallace101 i know im so disappointed
4.29441591510856E+017	390972915	@JimmyEsqueda hahahahaha today was awsomee 
4.29439489292108E+017	390972915	@JimmyEsqueda awwws thankyou 
4.29369558554903E+017	390972915	@JimmyEsqueda @ChrisWallace101 okay but at what time 
4.29369103883964E+017	390972915	@JimmyEsqueda haha forever and always 
4.29368743651992E+017	390972915	@JimmyEsqueda @ChrisWallace101 pick me upppp
4.29367925703999E+017	390972915	@JimmyEsqueda hahahahaha 
4.29367078978879E+017	390972915	You didn't give a dam about me
4.29366827580654E+017	390972915	@JimmyEsqueda hahahaha you want me 
4.2935308006563E+017	390972915	@JimmyEsqueda hahahahaha im still laughingggg
4.29352978915803E+017	390972915	@JimmyEsqueda yes
4.2934048608068E+017	390972915	Anywhere i would of follow you
4.2933850261529E+017	390972915	@JimmyEsqueda no hahaha you cant sit with us 
4.29330823423472E+017	390972915	@JimmyEsqueda hahahahaha i know
4.29324459133379E+017	390972915	@JimmyEsqueda hahahaha me 2
4.29322614126154E+017	390972915	@JimmyEsqueda hahahhaha and btw thats our pose 
4.29322195828212E+017	390972915	@JimmyEsqueda i cant stop laughingggg
4.29321210888192E+017	390972915	@JimmyEsqueda yes but its funny cause were in a bed  LOL WOOOOOOOOOOAH
4.29308836118561E+017	390972915	@JimmyEsqueda hashaha i loved it 
4.29306605315052E+017	390972915	@JimmyEsqueda hahaahahha it is 
4.29305136444629E+017	390972915	@JimmyEsqueda omg HAHAHAHAHHAHAHAHAHAHAHAHAHHAHAAU 
4.29288983542366E+017	390972915	@JimmyEsqueda lose shes good
4.29285503738061E+017	390972915	@genesisnaomi7 hahahhahaha
4.2928541408061E+017	390972915	@JimmyEsqueda tks
4.29285340017594E+017	390972915	@genesisnaomi7 hahahha congrats 
4.29280843056808E+017	390972915	I got makeup YAAAAAAAS
4.29280119413559E+017	390972915	@genesisnaomi7 its there
4.29279372458328E+017	390972915	@GarciaLeyli16 @ChrisWallace101 today 
4.29264357974114E+017	390972915	@ChrisWallace101 why? Are you having a concert that i didn't  know of please replyyyy
4.29264079711371E+017	390972915	@genesisnaomi7 so when is he going to have time 
4.29251839474008E+017	390972915	@genesisnaomi7 you made me bushh
4.2925126448527E+017	390972915	@genesisnaomi7 okok tell me asap
4.29250605618848E+017	390972915	@genesisnaomi7 thankyouuuuuuu mylove 
4.2925025891346E+017	390972915	@genesisnaomi7 im still not in the group thingy 
4.29249675842298E+017	390972915	@genesisnaomi7 okokok
4.29248833030472E+017	390972915	@genesisnaomi7 there was nothing 
4.29248553803076E+017	390972915	@genesisnaomi7 hey wheres the paper going to be at? I couldnt find it 
4.29113945580782E+017	390972915	I just want to hurt them as much as they hurt me
4.29097994160337E+017	390972915	My eyes hold so much pain
4.2908442668161E+017	390972915	@genesisnaomi7  why just DO IT !
4.40534669483057E+017	345603205	Not Found
4.40531144808075E+017	345603205	Not Found
4.40522044225372E+017	345603205	Not Found
4.40521693086613E+017	345603205	Not Found
4.40266695991894E+017	345603205	Not Found
4.40193476958102E+017	345603205	Not Found
4.40191283991437E+017	345603205	Not Found
4.40190556053197E+017	345603205	Not Found
4.40188016557318E+017	345603205	Not Found
4.40161379123999E+017	345603205	Not Found
4.40406714836197E+017	28261811	Wide awake! FML
4.40348979503436E+017	28261811	That sucks! But I like #MatthewMcConaughey
4.40348776209727E+017	28261811	I wanna go to sleep but I gotta see #Leo win that first Oscar #Oscars
4.4024551079689E+017	28261811	Perhaps a sign that I should start wearing my glasses
4.40161332391059E+017	156036283	@quinti14 ouchh
4.37685291466625E+017	156036283	ew.
4.35586395353387E+017	156036283	@alexandrarosado 3
4.34722706874175E+017	156036283	@esangiecarajo JAJAAJAJAJAJAJ
4.33780530824245E+017	156036283	@esangiecarajo ?
4.31254961541087E+017	156036283	@vickybichawang eeeaahhh
4.27268621048758E+017	156036283	@esangiecarajo noo?
4.40331005136994E+017	156036283	fuck it...el dbq essay se quedo ima sleep #done
4.40330425232523E+017	156036283	@alexandrarosado el mio esta tan chaputeao que me da pena
4.40279227036729E+017	156036283	@NEWdanicsierra em que?
4.40213385712398E+017	156036283	girls only say I hate you, to the guys that they love
4.40165319995589E+017	156036283	@alexandrarosado @mememecaigo que? voy a morir! yo ni se como hacerlo! :'(
4.40161584581968E+017	156036283	@mememecaigo dime que eso no es para mañana y que es para el 5:(
4.40161466952733E+017	156036283	Ill be the teacher,you can be the lesson
4.4015720273807E+017	156036283	@quinti14 ouchh..como te lo doblaste?
4.40141155066724E+017	156036283	no poder ir a la playa porque no he terminado de estudiar me duele :/
4.39922402227933E+017	156036283	@PMGA_ jajajajaaj mi papa hiso lo mismo!
4.39916531775193E+017	156036283	mi tia llorando viendo el video esto no pasa
4.39893889907171E+017	156036283	"-""donde esta el OFF?"""
4.39858707355415E+017	156036283	@quinti14 jaja thanks sharing the indecisiveness since 1996
4.39852136072245E+017	156036283	tengo dos meses para decidir donde voy a vivir y a estudiar por 4 años ... ahh ok not panicking!
4.39851711562527E+017	156036283	nos graduamos en dos meses...im just going to let that sink in
4.39858707355415E+017	156036283	@quinti14 jaja thanks sharing the indecisiveness since 1996
4.39852136072245E+017	156036283	tengo dos meses para decidir donde voy a vivir y a estudiar por 4 años ... ahh ok not panicking!
4.39851711562527E+017	156036283	nos graduamos en dos meses...im just going to let that sink in
4.39836492392071E+017	156036283	@vivivazq damn dormiste mas que yo jajaja
4.39836094428094E+017	156036283	@vivivazq no entiendo!dormi 15 horas straight y quiero seguir
4.39450973808116E+017	156036283	"todo valio la pena!  SENIOR ROYALTY 2014!:"") #WINNING"
4.39450714025509E+017	156036283	ahora lo que queda de tachar del bucket list es bien poco:(
4.39450224197906E+017	156036283	too proud!! Mis Reinas las Campeonas:')
4.3936224378513E+017	156036283	@isatpc que si que! ya estoy bien ready para cortar cabezas hoy;) *wink wink*
4.39359924284715E+017	156036283	esperando 30 min. en el carro...unnecessary!
4.3935936371599E+017	156036283	bien readyyyy desde las 5
4.39151006505767E+017	156036283	hoy es el ultimo sleepless sleepover:')
4.39097014509662E+017	156036283	me voy a quemar con el sports bra...bien lindo el tan
4.38902925805773E+017	156036283	por coger naps ahora no tengo sueño-.-
4.38871673778217E+017	156036283	ya hice el header y el titulo ... am I done?
4.37731552664248E+017	156036283	@esangiecarajo tu no te quieres mover so you are no use jajaja
4.37726600151728E+017	156036283	@esangiecarajo I was but not in the picture jaja
4.3772499722675E+017	156036283	@esangiecarajo me encanta como la ginger ni esta en la foto jaja
4.3768602236187E+017	156036283	@esangiecarajo llevame a comer ice cream!
4.37616108099883E+017	156036283	esta alarma no sirve de nada, just woke up-.-
4.37408116226138E+017	156036283	ya he cambiando dos peliculas..third ones the charm
4.37268779958276E+017	156036283	@OMSSSSSSSSSSS jajajaja you are my lil Naomi :)
4.37264976395657E+017	156036283	@OMSSSSSSSSSSS jajajajajajaj only you...
4.37067339461575E+017	156036283	@Jdulzaides23 @esme1470  ahh yo veo...creepy eso es el de debacle que paso en tu school?
4.37061846542352E+017	156036283	@Jdulzaides23 @esme1470  jajaja ok ahora si que me tienen que decir... im too intrigued now jaja
4.37047377011417E+017	156036283	wow tu timing ...
4.37005246087193E+017	156036283	@esangiecarajo ok so como hacemos?
4.37004221133906E+017	156036283	que show...
4.33819096074183E+017	156036283	@PattyB_14 MI ENANA FAVORITA CUMPLE HOY 18!! Happy Birthdayyy boo!:)
4.33817874046911E+017	156036283	despues de recibir el SI de mi top choice...school doesnt matter!
4.33809738372252E+017	156036283	@OMSSSSSSSSSSS a sign of respect por toda la gente que no cree en Valentine's Day!
4.33808934995235E+017	156036283	@yandiaflandia fine!no me creas:/
4.33413850848068E+017	156036283	"yo: ""ya para! enough with the boob grabbing...putting my foot down"""
4.33067909641175E+017	156036283	senioritis nivel pro: ni baje el bulto del carro! #dontjudgeme
4.33067412439974E+017	156036283	ya van a ser las 11,*tiro los libros* fuck it me voy a dormir.
4.33041883124998E+017	156036283	Ohh honey get used to it,it gets worse...
4.32725892461101E+017	156036283	me levantas para que saque la basura? really?!
4.32636849761583E+017	156036283	no me voy a mover hasta que termine el season...
4.30850568920134E+017	156036283	gracias a @mememecaigo tengo la cancion mas retardadamente catchy pegada... ughh
4.27936180047725E+017	156036283	Por primera vez veo a @nataliesolange actually being hateful! it was beautiful:')
4.27929204454605E+017	156036283	@paolancc4 y @natl8  dandome unacceptable nicknames hoy-.- #notcool
4.27926698869662E+017	156036283	salir de la practica a estudiar... pfffffftttt yea sure
4.27925646346838E+017	156036283	examinando la foto... highlight of my day :) jajaja @claudia_bea103 @LoubrielClaudia
4.27635689304654E+017	156036283	ya no tengo que ver de los grammys best part of the night!
4.27634618171687E+017	156036283	tienen giant drums :O
4.27628366670602E+017	156036283	Lorde habla? what?
4.27627868995453E+017	156036283	yo quiero que ese tipo me estire asi;) oh lord que bello!
4.26181543737184E+017	156036283	tweets de justicia del caso,tweets de comentarios fuera de lugar y tweets de la gente que se queja de ambos....
4.26179954737697E+017	156036283	@mememecaigo de todo lo que queria tweet ese fue el unico que me acorde! jajaja loved it
4.30133636260971E+017	156036283	Broncos hello wake up!
4.30014386502382E+017	156036283	pa la proxima con jacket vengo a la playa
4.30014166708273E+017	156036283	playaa! @colon_andre y riccardo son mis padres hoy
4.29821360039555E+017	156036283	extraño a Marce :/
4.27630063262396E+017	156036283	its all in the nose! #ringo
4.27625209987105E+017	156036283	el amor que le tengo a john legend mano! que bello
4.2762286907471E+017	156036283	@Danyfn119 @claudia_bea103 fajardo has a great point there! jajaj
4.27621631633396E+017	156036283	If you like taylor swift...i dont trust you!
4.33810028584129E+017	390972915	Porque nunca estas cuando mas lo nececito :,@
4.33361743973069E+017	390972915	Lo MEJOR que me a pasado fue tu abandono
4.33303585385091E+017	390972915	No puedo amarte, tengo miedo de volver a tropesar y no poder levantaeme 
4.32698746728894E+017	390972915	@stsegura aqueno envidiosa 
4.32692438403387E+017	390972915	@stsegura nada que ver  faltan 4 messes y tendre una pari
4.32568233833808E+017	390972915	@stsegura llose si estava barrata  pero siempre las tienen asi ..... Quiero una 
4.32567455329026E+017	390972915	@stsegura Nos dijo #culero 
4.32433928637784E+017	390972915	Quiero enterrar este dolor 
4.32433705215595E+017	390972915	Me duele  solo ser tu divercion 
4.32433482976227E+017	390972915	Prove de la manzana por amor 
4.32422160993616E+017	390972915	Ahora que no te tengo pienso en todo el tiempo perdido 
4.32405209017778E+017	390972915	Estoy consiente que la quieres pero me amas A MI 
4.32284651529728E+017	390972915	@JimmyEsqueda si vas a poder hoy ?
4.32030196800045E+017	390972915	Yo no quiero carisias de otros labios
4.31995526922662E+017	390972915	@juan38173649 jajajajajaj sigue soñando 
4.31994461250662E+017	390972915	Amo @juan38173649  es la mejor persona de todo el mundo
4.31889228369494E+017	390972915	Me miras diferente , me abrasas y no siento tu calor 
4.31634591993303E+017	390972915	Es muy ovio que por mi tu ya no sientes nada 
4.31528352084943E+017	390972915	Fue mi error averte amado tanto
4.31282148247871E+017	390972915	Ya me esta encantando conocerte 
4.31254779730608E+017	390972915	No hace falta que me quites la mirada ;para que entienda que ya no queda nada ...
4.31211241978466E+017	390972915	@JimmyEsqueda lose esque no me quieren  hahahaha
4.31209261197459E+017	390972915	@JimmyEsqueda  jaja malooooo
4.30877837865005E+017	390972915	Yo hize las cosas mal .... Yo si me enamore 
4.30552273509302E+017	390972915	@JimmyEsqueda yose eso es musica!
4.30356973150687E+017	390972915	tu fuistes mi llanto y el es mi sonrisa'88
4.30353961762427E+017	390972915	@GarciaLeyli16 pendejaaa
4.30043089567097E+017	390972915	I nadien me busca .l.
4.29809231467147E+017	390972915	Ojala pagues caro por averme engañado aun quriendote tanto'88
4.29754826092999E+017	390972915	@gali_dominique i los chocolateeeeeeees
4.29691065939923E+017	390972915	@JimmyEsqueda  haha quiero hacer igual que tu
4.29454863630877E+017	390972915	@JimmyEsqueda hahahaha no mucho gass 
4.29454409442279E+017	390972915	@JimmyEsqueda ya estaa 
4.29325578119172E+017	390972915	@JimmyEsqueda YAAAAAAAAAAS
4.29305248872931E+017	390972915	@JimmyEsqueda yoseee
4.39851980710629E+017	394952746	Not Found
4.39280418274034E+017	394952746	Not Found
4.39193799982457E+017	394952746	Not Found
4.39186438072963E+017	394952746	Not Found
4.38919462075367E+017	394952746	Not Found
4.38893895754072E+017	394952746	Not Found
4.38328551608054E+017	394952746	Not Found
4.3832791217802E+017	394952746	Not Found
4.38327912173822E+017	394952746	Not Found
4.38312006647415E+017	394952746	Not Found
4.40494914573718E+017	345603205	Not Found
4.40492334044955E+017	345603205	Not Found
4.40461421022044E+017	345603205	Not Found
4.40195323143524E+017	345603205	Not Found
4.40194666559205E+017	345603205	Not Found
4.40193174305538E+017	345603205	Not Found
4.40192481440043E+017	345603205	Not Found
4.4018921570884E+017	345603205	Not Found
4.40188196379705E+017	345603205	Not Found
4.40187330893472E+017	345603205	Not Found
4.40187250593509E+017	345603205	Not Found
4.40184573788701E+017	345603205	Not Found
4.40158906271404E+017	345603205	Not Found
4.39811621825696E+017	432879040	Not Found
4.39810701922546E+017	432879040	Not Found
4.39509159743357E+017	432879040	Not Found
4.39487899793625E+017	432879040	Not Found
4.40348819587228E+017	390972915	@JimmyEsqueda i try but i hate como echan a rigito de menos or que siempre le pegan a el porque le pega a anthony even though its tiny fault
4.40348115652985E+017	390972915	@JimmyEsqueda ci dont know i just dont like him desde que nacio i always have preferred rigito and everyone notice that a
4.40354317111808E+017	390972915	@JimmyEsqueda omg i saw a kid eating one yesterday at the pulga but no le queria preguntar donde lo compro 
4.40351888894988E+017	390972915	@JimmyEsqueda i know i want to go pero aver que 
4.40351780837159E+017	390972915	I should not have eaten chile my stomach is killing me
4.403514964801E+017	390972915	@JimmyEsqueda i hope so so i can meet my bae john cena
4.40349932721943E+017	390972915	@JimmyEsqueda hahahaha je loves playing luchitas 
4.40348819587228E+017	390972915	@JimmyEsqueda i try but i hate como echan a rigito de menos or que siempre le pegan a el porque le pega a anthony even though its tiny fault
4.40348115652985E+017	390972915	@JimmyEsqueda ci dont know i just dont like him desde que nacio i always have preferred rigito and everyone notice that a
4.40344023535194E+017	390972915	@JimmyEsqueda i know but i didnt expect that from him i actually thought he would beat me up also and he didnt  anthony si me pego -.-
4.40343616955765E+017	390972915	@JimmyEsqueda hahahahaha mi mama saldra 
4.40343552795505E+017	390972915	@JimmyEsqueda i wish i could i know i wanted to cry  and yesterday he defended me and hit andrick with the chancla omg i feel so loved 
4.40337890011128E+017	390972915	@JimmyEsqueda hahahahaha que oso bolteo  asi de que wtf 
4.39866011458601E+017	390972915	@StarleenVida i know thats why im so amargada 
4.39864575672844E+017	390972915	Finally home  que ahi que hacer en la noche ? 
4.39591604941124E+017	390972915	From the milpas tacos we came all the way to ihop in mcallen it's to full now we're going back to ihop from las milpas xD
4.39578859244372E+017	390972915	@JimmyEsqueda voy por ti ? Oh nose pero estoy aburida mil  estoy con mi dads
4.39232940997116E+017	390972915	@gali_dominique tons mañana ihop? 
4.39218675359687E+017	390972915	"Tipico: te llaman la attencion por ""public display affection "" con tu mejor amigo "
4.38513630426833E+017	390972915	@JimmyEsqueda no abras tus snaps pleasure
4.38504828017181E+017	390972915	@JimmyEsqueda shut up digo siendo una jovenasaaa omg ya 17 :O
4.38499612408959E+017	390972915	@JimmyEsqueda Houston for a week but no creo que valla so areuna carne asada con mi pops
4.38496279686287E+017	390972915	@JimmyEsqueda si no voy alo de robotics si 
4.38491292465889E+017	390972915	@JimmyEsqueda in bed  y tu ?
4.38488457116406E+017	390972915	@JimmyEsqueda hahahaha que malo 
4.38479428335591E+017	390972915	@JimmyEsqueda yes la de la chick de glee
4.38168752786776E+017	390972915	@JimmyEsqueda chifladoooo hahaha 
4.38166777953268E+017	390972915	@JimmyEsqueda si si hahaha 
4.38138098820858E+017	390972915	@JimmyEsqueda no quiere agarar wifi en el baño  #wats
4.38137933435269E+017	390972915	@JimmyEsqueda the chiwawa the one we always take to the pulga hes like a little bby my little bby awww i miss him and rigito now 
4.38135920257421E+017	390972915	@JimmyEsqueda shut up lol i showed her or kik convo para que me crea 
4.38134974982947E+017	390972915	@JimmyEsqueda hahahahaha okay espero esta vez nadien este conmigo y vea el snap como siempreee
4.38133705610375E+017	390972915	@JimmyEsqueda yur arcas tho 
4.38133541428556E+017	390972915	@JimmyEsqueda no pense que salia en el mismo channel del x factor lol
4.38132910143857E+017	390972915	@JimmyEsqueda hahaha que quieres ?
4.37974366354039E+017	390972915	@GarciaLeyli16 haha Ponte a estidiar culera
4.3781520714317E+017	390972915	@JimmyEsqueda jajaa they argue alot like us
4.37814178515268E+017	390972915	@JimmyEsqueda ni te importa la movie  eres un sexoso
4.37806477471126E+017	390972915	@JimmyEsqueda jajajaja aqueno just one part but its cute
4.37805222124351E+017	390972915	@JimmyEsqueda nada que ver  your the sexual one 
4.37795091424346E+017	390972915	@JimmyEsqueda really hahaha and denada p:
4.37642643015999E+017	390972915	@JimmyEsqueda buscalo bken dude 
4.37641760207274E+017	390972915	@JimmyEsqueda hahahaha usa itune mejor its free 
4.37635599999439E+017	390972915	@JimmyEsqueda chiviada mil 
4.37634531454366E+017	390972915	@JimmyEsqueda thankyou and igualmente 
4.374767789959E+017	390972915	@JimmyEsqueda pues ni te creas tan especial que esa puta se la manda a todos     Haha
4.37476323070845E+017	390972915	"@JimmyEsqueda ugh thats right  ""la otra"""
4.37473674850206E+017	390972915	@JimmyEsqueda hahahahahahahahahahahahahaha pues tuuu que askoo
4.37473287141356E+017	390972915	@JimmyEsqueda delete that tweet  ya lo hize googled .l.
4.37473083805676E+017	390972915	@JimmyEsqueda omggggggg i googled it  puercooo
4.37472350070899E+017	390972915	@JimmyEsqueda i love it you look like a sexy model #posmeenamoro 
4.37466551982494E+017	390972915	Llena de ronchas #allergies 
4.37455269929685E+017	390972915	@JimmyEsqueda hahaha come on vamonos everybody lets go 
4.37438658766193E+017	390972915	@JimmyEsqueda hahahaha but she think its an actually nude  y borala que si la ven alguien mas :c asme strip para tener yo tuyas 
4.37437676648948E+017	390972915	@JimmyEsqueda jaja  my prima saw your snap  y no me cree
4.36660496394375E+017	390972915	@JimmyEsqueda okay hahhaah 
4.36658795406975E+017	390972915	@JimmyEsqueda hahahah eww y ven a rehearsal 
4.36563579584926E+017	390972915	@JimmyEsqueda coque sean pink 
4.3654222293135E+017	390972915	@JimmyEsqueda hahahah no manches 
4.36526839008592E+017	390972915	@JimmyEsqueda aqueno namas los calsones hahahahaha
4.36491106797515E+017	390972915	@JimmyEsqueda hahaha aww yose y fuera ido ala pulga mejor 
4.36328240471638E+017	390972915	@JimmyEsqueda hahaha you better para que vengas por mi 24/7
4.36322213072237E+017	390972915	@JimmyEsqueda yose ill go soon  porque no pague dioquis
4.36239959746679E+017	390972915	@JimmyEsqueda were going to party at carol place so save 40 buck para ir 
4.36231669432193E+017	390972915	@JimmyEsqueda woaaaaah  hahahaha and were going to corpus  tu y yo
4.36226840806842E+017	390972915	@JimmyEsqueda  jajajajajaja si pero tu tmb ami mendigoo hahahaha
4.36225968865575E+017	390972915	@JimmyEsqueda hahaha que ?
4.3622563938619E+017	390972915	@JimmyEsqueda yose para que me tomes pictures 
4.36150509213606E+017	390972915	@JimmyEsqueda no they haven't solamentequierenprojudicarme contigoperonololograranalcabo ya equis con ellos no quiero saber nada de ellos 
4.35889884008825E+017	390972915	@JimmyEsqueda te mande un imessage 
4.34876324495491E+017	390972915	Morire  #allergies
4.34757382137446E+017	390972915	@JimmyEsqueda mi drawing ?
4.34757245688357E+017	390972915	Hahahahahah la regallada de mi papa  #loveyoutoo
4.33745203892331E+017	390972915	Yet rigito made my day 
4.32673360745865E+017	390972915	@stsegura mi birthday es primero 
4.32660827456692E+017	390972915	@stsegura me la compras para mi birthday 
4.32424527466091E+017	390972915	Ive been ignoring this big lump in my garganta  (terrible speller probs )
4.31269522449121E+017	390972915	I just love this novela
4.31262018210136E+017	390972915	@JimmyEsqueda  yose y atras -.- lol
4.3125303641847E+017	390972915	@JimmyEsqueda  hahaha yes #gringooo cx
4.31251686242259E+017	390972915	@JimmyEsqueda  omg-.- hahahaha just enter so I cab have a better chance to go :c
4.31206450904724E+017	390972915	@JimmyEsqueda hahaha dejame 
4.30914676889645E+017	390972915	This novela is just so perf! :,) #loquelavidamerobo
4.30880238219059E+017	390972915	Voy a llorar  omg 
4.30878308994417E+017	390972915	Nunca fui tu prioridad ni tu centro de attencion 
4.30832758534181E+017	390972915	@JimmyEsqueda si mi dad esta si jajaaja porque angie me amarra 
4.30823510991467E+017	390972915	@JimmyEsqueda osea no me quisistes llevar el friday osea k pedo
4.30822536364831E+017	390972915	@JimmyEsqueda  hahaha pari
4.30689904662573E+017	390972915	@JimmyEsqueda  calmmmmmm down jajaja
4.3055503636027E+017	390972915	"The cutest thing is when rigito puts his shoes and sweater and tells me ""amonos"" so I can take him to the Jr's to buy him candies -.-"
4.30553392247615E+017	390972915	@JimmyEsqueda  woahh jajaja con nuestro steps hahaha awws
4.30510282323263E+017	390972915	Mi corazon aun late por ti 
4.30475948820279E+017	390972915	Want a chamoraspa
4.30135625887797E+017	390972915	All my tios are coming to my house .... Like always 
4.30083258966368E+017	390972915	@LBlanco99 dude vamos al dollar tree  ill pick you up in 5 min
4.30048038355501E+017	390972915	@JimmyEsqueda  vamos a comprar un Oreo shake aleato? Si or si p:
4.3004336630768E+017	390972915	I found my papa :;)
4.30040088895316E+017	390972915	So I got lost in the pulga :c
4.29694715814879E+017	390972915	@JimmyEsqueda  jajajaja nomas que yo no dejare ami hijos en la mall -.-
4.2968773156891E+017	390972915	@JimmyEsqueda hahaha lose pero mas de baby xD
4.29686083127763E+017	390972915	@JimmyEsqueda  Yosee and mi pelo xD me lo cuidas mucho mami xD
4.29683293781369E+017	390972915	@JimmyEsqueda  hahahaha te pasas xD
4.29370087116915E+017	390972915	@JimmyEsqueda @ChrisWallace101 okay me dices antes de venirrte aver si ya estoy ahi
4.29369258716701E+017	390972915	@JimmyEsqueda @ChrisWallace101 mom well si vienes orita te espero aqui en la escuela
4.29298442339631E+017	390972915	@JimmyEsqueda hahhaahah i luego vatallo para ponerte eye liner
4.29289166179148E+017	390972915	@JimmyEsqueda no ati no omg i have so many ideasssss lol
4.2926522424048E+017	390972915	@ChrisWallace101 where are you going to be in mcallen? I want to take a picture with you pleaseee chris
4.40335514835509E+017	21327323	every time i hear this song it reminds me of the BOY MEETS WORLD episode where MORGAN sings it, then CORY interrupts
4.40492710676292E+017	341343304	Gonna be a little late to school
4.40345461753279E+017	341343304	phone finna die 
4.40331407068381E+017	341343304	Power is out on airline and 45
4.40298932711604E+017	341343304	My dad bought me new running shoes 
4.40298669506445E+017	341343304	@lesleymeza: FDB
4.40296746174792E+017	341343304	Im not.
4.40296680944972E+017	341343304	Melany called me conceited 
4.40290545131205E+017	341343304	Finna go to the movies
4.40260434189222E+017	341343304	Adriana stay dreamin' about me
4.40231568028606E+017	341343304	Chill ass weekend 
4.40198338575491E+017	341343304	Oomf a qt
4.40046740582826E+017	341343304	Just got home
4.40018713123619E+017	341343304	Oomf, dm me 
4.4000890916871E+017	341343304	Some drunk guy just asked what time it was and i told him 10:30 lmao!
4.39998648873521E+017	341343304	This person just got pulled over on a bicycle with a motor 
